"","Time.or","Time.Time.47.618418..122.350964","Time.Time.47.615829..122.348564","Time.Time.47.616094..122.341102","Time.Time.47.61311..122.344208","Time.Time.47.610731..122.332447","Time.Time.47.609221..122.335596","Time.Time.47.604058..122.3358","Time.Time.47.60595..122.335768","Time.Time.47.603509..122.330409","Time.Time.47.610185..122.339641","Time.Time.47.602103..122.316923","Time.Time.47.618633..122.325249","Time.Time.47.622063..122.321251","Time.Time.47.623367..122.325279","Time.Time.47.620712..122.312805","Time.Time.47.618549..122.317017","Time.Time.47.61533..122.311752","Time.Time.47.615486..122.318245","Time.Time.47.615517..122.322083","Time.Time.47.615456..122.326729","Time.Time.47.624142..122.316811","Time.Time.47.624298..122.339617","Time.Time.47.663509..122.284119","Time.Time.47.627643..122.332576","Time.Time.47.634831..122.326634","Time.Time.47.64909..122.322983","Time.Time.47.607281..122.324783","Time.Time.47.609239..122.316651","Time.Time.47.598488..122.326412","Time.Time.47.600757..122.332946","Time.Time.47.598994..122.329684","Time.Time.47.619859..122.330304","Time.Time.47.627735..122.342232","Time.Time.47.623165..122.338203","Time.Time.47.61832..122.338913","Time.Time.47.613628..122.337341","Time.Time.47.613715..122.331777","Time.Time.47.626041..122.335831","Time.Time.47.618285..122.342205","Time.Time.47.622277..122.35523","Time.Time.47.61626..122.333815","Time.Time.47.624769..122.339408","Time.Time.47.666145..122.301491","Time.Time.47.658288..122.313334","Time.Time.47.656395..122.31562","Time.Time.47.663143..122.315086","Time.Time.47.660268..122.304826","Time.Time.47.659756..122.310402","Time.Time.47.65559..122.31189","Time.Time.47.654613..122.304863","Time.Time.47.653713..122.302162","Time.Time.47.650725..122.311188","Time.Time.47.614315..122.354093","Time.Time.47.607702..122.34165","Time.Time.47.61863956..122.3207769","Time.Time.47.62087853..122.3473769","Time.Time.47.64995155..122.3062634","Time.Time.47.61137028..122.3487015","Distance.or","Distance.Distance.47.618418..122.350964","Distance.Distance.47.615829..122.348564","Distance.Distance.47.616094..122.341102","Distance.Distance.47.61311..122.344208","Distance.Distance.47.610731..122.332447","Distance.Distance.47.609221..122.335596","Distance.Distance.47.604058..122.3358","Distance.Distance.47.60595..122.335768","Distance.Distance.47.603509..122.330409","Distance.Distance.47.610185..122.339641","Distance.Distance.47.602103..122.316923","Distance.Distance.47.618633..122.325249","Distance.Distance.47.622063..122.321251","Distance.Distance.47.623367..122.325279","Distance.Distance.47.620712..122.312805","Distance.Distance.47.618549..122.317017","Distance.Distance.47.61533..122.311752","Distance.Distance.47.615486..122.318245","Distance.Distance.47.615517..122.322083","Distance.Distance.47.615456..122.326729","Distance.Distance.47.624142..122.316811","Distance.Distance.47.624298..122.339617","Distance.Distance.47.663509..122.284119","Distance.Distance.47.627643..122.332576","Distance.Distance.47.634831..122.326634","Distance.Distance.47.64909..122.322983","Distance.Distance.47.607281..122.324783","Distance.Distance.47.609239..122.316651","Distance.Distance.47.598488..122.326412","Distance.Distance.47.600757..122.332946","Distance.Distance.47.598994..122.329684","Distance.Distance.47.619859..122.330304","Distance.Distance.47.627735..122.342232","Distance.Distance.47.623165..122.338203","Distance.Distance.47.61832..122.338913","Distance.Distance.47.613628..122.337341","Distance.Distance.47.613715..122.331777","Distance.Distance.47.626041..122.335831","Distance.Distance.47.618285..122.342205","Distance.Distance.47.622277..122.35523","Distance.Distance.47.61626..122.333815","Distance.Distance.47.624769..122.339408","Distance.Distance.47.666145..122.301491","Distance.Distance.47.658288..122.313334","Distance.Distance.47.656395..122.31562","Distance.Distance.47.663143..122.315086","Distance.Distance.47.660268..122.304826","Distance.Distance.47.659756..122.310402","Distance.Distance.47.65559..122.31189","Distance.Distance.47.654613..122.304863","Distance.Distance.47.653713..122.302162","Distance.Distance.47.650725..122.311188","Distance.Distance.47.614315..122.354093","Distance.Distance.47.607702..122.34165","Distance.Distance.47.61863956..122.3207769","Distance.Distance.47.62087853..122.3473769","Distance.Distance.47.64995155..122.3062634","Distance.Distance.47.61137028..122.3487015","Status.or","Status.status.47.618418..122.350964","Status.status.47.615829..122.348564","Status.status.47.616094..122.341102","Status.status.47.61311..122.344208","Status.status.47.610731..122.332447","Status.status.47.609221..122.335596","Status.status.47.604058..122.3358","Status.status.47.60595..122.335768","Status.status.47.603509..122.330409","Status.status.47.610185..122.339641","Status.status.47.602103..122.316923","Status.status.47.618633..122.325249","Status.status.47.622063..122.321251","Status.status.47.623367..122.325279","Status.status.47.620712..122.312805","Status.status.47.618549..122.317017","Status.status.47.61533..122.311752","Status.status.47.615486..122.318245","Status.status.47.615517..122.322083","Status.status.47.615456..122.326729","Status.status.47.624142..122.316811","Status.status.47.624298..122.339617","Status.status.47.663509..122.284119","Status.status.47.627643..122.332576","Status.status.47.634831..122.326634","Status.status.47.64909..122.322983","Status.status.47.607281..122.324783","Status.status.47.609239..122.316651","Status.status.47.598488..122.326412","Status.status.47.600757..122.332946","Status.status.47.598994..122.329684","Status.status.47.619859..122.330304","Status.status.47.627735..122.342232","Status.status.47.623165..122.338203","Status.status.47.61832..122.338913","Status.status.47.613628..122.337341","Status.status.47.613715..122.331777","Status.status.47.626041..122.335831","Status.status.47.618285..122.342205","Status.status.47.622277..122.35523","Status.status.47.61626..122.333815","Status.status.47.624769..122.339408","Status.status.47.666145..122.301491","Status.status.47.658288..122.313334","Status.status.47.656395..122.31562","Status.status.47.663143..122.315086","Status.status.47.660268..122.304826","Status.status.47.659756..122.310402","Status.status.47.65559..122.31189","Status.status.47.654613..122.304863","Status.status.47.653713..122.302162","Status.status.47.650725..122.311188","Status.status.47.614315..122.354093","Status.status.47.607702..122.34165","Status.status.47.61863956..122.3207769","Status.status.47.62087853..122.3473769","Status.status.47.64995155..122.3062634","Status.status.47.61137028..122.3487015"
"1","47.618418+-122.350964",0,109,395,261,641,567,621,508,860,397,1312,1095,1383,1264,1535,1329,1439,1208,1105,933,1490,393,2657,592,901,1229,1065,1377,1009,794,849,655,490,414,297,533,745,564,262,284,536,488,2237,1973,1814,2216,2273,2227,1924,2070,2102,1877,249,500,1246,216,1983,328,"47.618418+-122.350964",0,422,1067,867,2066,1869,2168,1895,2594,1342,3631,3216,3947,3749,4375,3831,3849,3393,3103,2747,4454,1505,12144,2289,3297,4944,2986,4148,3097,2626,2794,2190,1689,1501,939,1420,2303,2204,723,910,1532,1709,10611,8543,7994,9215,9998,8990,8381,9136,9536,8465,773,1799,3548,613,8902,1108,"47.618418+-122.350964","OK","OK","OK","OK","OK","OK","OK","OK","OK","OK","OK","OK","OK","OK","OK","OK","OK","OK","OK","OK","OK","OK","OK","OK","OK","OK","OK","OK","OK","OK","OK","OK","OK","OK","OK","OK","OK","OK","OK","OK","OK","OK","OK","OK","OK","OK","OK","OK","OK","OK","OK","OK","OK","OK","OK","OK","OK","OK"
"2","47.615829+-122.348564",198,0,330,152,532,459,512,399,751,288,1203,986,1274,1155,1426,1221,1330,1099,997,824,1382,479,2743,677,986,1314,956,1268,901,685,740,694,518,443,326,434,636,649,261,360,613,505,2322,2058,1899,2302,2359,2312,2009,2155,2187,1962,291,435,1137,244,2068,262,"47.615829+-122.348564",422,0,838,445,1644,1447,1746,1473,2171,920,3208,2793,3524,3327,3953,3409,3427,2971,2680,2325,4032,1859,12499,2643,3651,5299,2564,3726,2674,2203,2371,2088,1658,1470,908,1190,1880,2558,769,1239,1808,1792,10966,8897,8349,9570,10353,9344,8735,9491,9891,8820,829,1378,3126,748,9256,687,"47.615829+-122.348564","OK","OK","OK","OK","OK","OK","OK","OK","OK","OK","OK","OK","OK","OK","OK","OK","OK","OK","OK","OK","OK","OK","OK","OK","OK","OK","OK","OK","OK","OK","OK","OK","OK","OK","OK","OK","OK","OK","OK","OK","OK","OK","OK","OK","OK","OK","OK","OK","OK","OK","OK","OK","OK","OK","OK","OK","OK","OK"
"3","47.616094+-122.341102",408,344,0,274,454,429,634,521,873,410,1189,798,1086,968,1238,1033,1142,911,809,636,1194,268,2532,466,775,1103,950,1080,1022,807,861,418,351,293,148,323,448,438,76,461,337,381,2111,1848,1688,2091,2148,2101,1798,1944,1976,1751,527,671,949,251,1857,499,"47.616094+-122.341102",1013,1023,0,648,1333,1262,1949,1676,2375,1123,3642,1928,2659,2461,3087,2543,2561,2105,1815,1459,3166,1067,11706,1851,2859,4506,2156,2860,2877,2407,2574,1276,1391,1064,504,999,1015,1766,452,1555,996,1287,10173,8105,7556,8777,9560,8552,7943,8698,9098,8028,1480,2030,2260,845,8464,1339,"47.616094+-122.341102","OK","OK","OK","OK","OK","OK","OK","OK","OK","OK","OK","OK","OK","OK","OK","OK","OK","OK","OK","OK","OK","OK","OK","OK","OK","OK","OK","OK","OK","OK","OK","OK","OK","OK","OK","OK","OK","OK","OK","OK","OK","OK","OK","OK","OK","OK","OK","OK","OK","OK","OK","OK","OK","OK","OK","OK","OK","OK"
"4","47.61311+-122.344208",301,230,296,0,380,306,360,247,599,136,1051,834,1122,1003,1274,1068,1178,947,845,672,1229,397,2661,596,921,1249,804,1116,748,533,588,542,543,422,278,354,484,568,248,465,461,510,2241,1977,1818,2220,2277,2231,1927,2074,2106,1881,393,308,985,434,1987,365,"47.61311+-122.344208",864,895,912,0,1199,1002,1301,1028,1726,475,2763,2348,3079,2882,3508,2964,2982,2526,2235,1880,3587,1455,12094,2238,3265,4912,2119,3281,2229,1758,1926,1643,1824,1451,891,908,1435,2153,768,1753,1363,1674,10561,8492,7944,9165,9948,8940,8330,9086,9486,8415,1343,1348,2681,1665,8851,1201,"47.61311+-122.344208","OK","OK","OK","OK","OK","OK","OK","OK","OK","OK","OK","OK","OK","OK","OK","OK","OK","OK","OK","OK","OK","OK","OK","OK","OK","OK","OK","OK","OK","OK","OK","OK","OK","OK","OK","OK","OK","OK","OK","OK","OK","OK","OK","OK","OK","OK","OK","OK","OK","OK","OK","OK","OK","OK","OK","OK","OK","OK"
"5","47.610731+-122.332447",596,557,274,462,0,106,333,220,531,277,791,531,819,700,971,765,875,643,541,369,926,481,2745,627,782,1200,501,813,722,506,561,515,626,506,362,184,180,652,332,735,305,594,2325,2061,1902,1844,2361,2315,2011,2158,2190,1965,669,465,682,525,2071,614,"47.610731+-122.332447",1922,1931,967,1557,0,292,1082,809,1311,755,2156,1387,2119,1921,2547,2003,2021,1565,1274,919,2626,1989,12628,2207,3109,4957,1158,2320,2010,1539,1707,1560,2358,1986,1426,575,474,2688,1303,2522,882,2209,11095,9027,8478,6728,10482,9474,8865,9620,10020,8949,2279,1673,1720,1812,9386,2369,"47.610731+-122.332447","OK","OK","OK","OK","OK","OK","OK","OK","OK","OK","OK","OK","OK","OK","OK","OK","OK","OK","OK","OK","OK","OK","OK","OK","OK","OK","OK","OK","OK","OK","OK","OK","OK","OK","OK","OK","OK","OK","OK","OK","OK","OK","OK","OK","OK","OK","OK","OK","OK","OK","OK","OK","OK","OK","OK","OK","OK","OK"
"6","47.609221+-122.335596",494,455,324,361,188,0,228,115,425,174,919,642,931,812,1083,877,987,755,653,481,1038,531,2795,730,976,1312,613,924,616,401,455,596,676,556,412,234,292,702,382,710,394,644,2375,2111,1952,2354,2411,2365,2061,2208,2239,2015,566,360,793,482,2120,509,"47.609221+-122.335596",1649,1658,1086,1284,555,0,790,517,1019,482,2252,1704,2435,2238,2864,2320,2338,1882,1591,1236,2943,2107,12747,2891,3379,5274,1475,2637,1718,1247,1415,1758,2477,2104,1544,693,791,2806,1421,2525,1197,2327,11214,9145,8597,9818,10601,9592,8983,9739,10139,9068,2006,1381,2037,1780,9504,2077,"47.609221+-122.335596","OK","OK","OK","OK","OK","OK","OK","OK","OK","OK","OK","OK","OK","OK","OK","OK","OK","OK","OK","OK","OK","OK","OK","OK","OK","OK","OK","OK","OK","OK","OK","OK","OK","OK","OK","OK","OK","OK","OK","OK","OK","OK","OK","OK","OK","OK","OK","OK","OK","OK","OK","OK","OK","OK","OK","OK","OK","OK"
"7","47.604058+-122.3358",847,650,678,713,543,470,0,182,348,465,775,997,1383,1166,1437,1232,1341,1110,1008,835,1393,886,3150,1084,1226,1667,835,1014,481,205,320,930,1031,910,766,588,647,1056,736,885,749,999,2729,2465,2306,2709,2766,2719,2416,2562,2594,2369,523,198,1246,835,2475,347,"47.604058+-122.3358",2420,1959,1857,2056,1327,1129,0,276,621,831,1717,2476,3655,3009,3635,3091,3109,2654,2363,2008,3714,2879,13518,3663,4195,6046,1383,2526,1183,565,880,2588,3248,2876,2315,1465,1563,3578,2193,2816,1968,3099,11985,9917,9368,10589,11372,10364,9755,10510,10910,9839,2058,740,3257,2552,10276,1437,"47.604058+-122.3358","OK","OK","OK","OK","OK","OK","OK","OK","OK","OK","OK","OK","OK","OK","OK","OK","OK","OK","OK","OK","OK","OK","OK","OK","OK","OK","OK","OK","OK","OK","OK","OK","OK","OK","OK","OK","OK","OK","OK","OK","OK","OK","OK","OK","OK","OK","OK","OK","OK","OK","OK","OK","OK","OK","OK","OK","OK","OK"
"8","47.60595+-122.335768",662,465,493,528,358,284,113,0,352,279,804,812,1100,981,1252,1046,1156,925,822,650,1207,700,2964,899,1040,1482,608,887,501,286,340,745,846,725,581,403,462,871,551,700,563,813,2544,2280,2121,2523,2580,2534,2231,2377,2409,2184,569,245,963,649,2290,394,"47.60595+-122.335768",2143,1681,1580,1778,1049,852,273,0,698,553,1735,2198,2930,2732,3358,2814,2832,2376,2085,1730,3437,2601,13241,3385,3917,5768,1078,1740,1201,731,898,2311,2971,2598,2038,1187,1285,3300,1915,2538,1691,2821,11708,9639,9091,10312,11095,10087,9477,10233,10633,9562,2182,864,2531,2274,9998,1560,"47.60595+-122.335768","OK","OK","OK","OK","OK","OK","OK","OK","OK","OK","OK","OK","OK","OK","OK","OK","OK","OK","OK","OK","OK","OK","OK","OK","OK","OK","OK","OK","OK","OK","OK","OK","OK","OK","OK","OK","OK","OK","OK","OK","OK","OK","OK","OK","OK","OK","OK","OK","OK","OK","OK","OK","OK","OK","OK","OK","OK","OK"
"9","47.603509+-122.330409",796,757,625,662,490,334,245,288,0,476,684,944,1091,1113,1253,1048,1157,926,955,782,1216,833,3097,1031,1277,1614,551,824,356,191,260,898,978,857,713,535,594,1003,683,1012,696,946,2676,2412,2253,2656,2713,2666,2363,2509,2541,2316,742,417,954,784,2422,566,"47.603509+-122.330409",2390,2398,1826,2025,1296,765,555,638,0,1223,1334,2445,2599,2978,3027,2483,2501,2045,2332,1977,3111,2848,13487,3632,4120,6015,949,1611,962,497,652,2498,3217,2845,2285,1434,1532,3547,2162,3265,1937,3068,11954,9886,9337,10558,11341,10333,9724,10479,10879,9809,2618,1301,2200,2521,10245,1997,"47.603509+-122.330409","OK","OK","OK","OK","OK","OK","OK","OK","OK","OK","OK","OK","OK","OK","OK","OK","OK","OK","OK","OK","OK","OK","OK","OK","OK","OK","OK","OK","OK","OK","OK","OK","OK","OK","OK","OK","OK","OK","OK","OK","OK","OK","OK","OK","OK","OK","OK","OK","OK","OK","OK","OK","OK","OK","OK","OK","OK","OK"
"10","47.610185+-122.339641",548,307,379,414,244,171,225,112,463,0,915,698,986,868,1138,933,1042,811,709,536,1094,587,2851,786,927,1368,668,980,613,397,452,631,732,612,467,289,348,757,437,542,450,700,2430,2167,2007,2410,2467,2420,2117,2263,2295,2070,449,206,849,536,2176,347,"47.610185+-122.339641",1818,1126,1255,1453,724,527,826,553,1252,0,2289,1874,2605,2407,3033,2489,2507,2051,1761,1405,3112,2277,12916,3060,3593,5443,1644,2806,1755,1284,1452,1986,2646,2273,1713,862,961,2976,1591,1983,1366,2497,11383,9315,8766,9987,10770,9762,9153,9908,10308,9237,1554,865,2206,1949,9674,1558,"47.610185+-122.339641","OK","OK","OK","OK","OK","OK","OK","OK","OK","OK","OK","OK","OK","OK","OK","OK","OK","OK","OK","OK","OK","OK","OK","OK","OK","OK","OK","OK","OK","OK","OK","OK","OK","OK","OK","OK","OK","OK","OK","OK","OK","OK","OK","OK","OK","OK","OK","OK","OK","OK","OK","OK","OK","OK","OK","OK","OK","OK"
"11","47.602103+-122.316923",1251,1212,929,1117,744,756,590,699,525,933,0,698,711,784,729,539,633,477,570,619,699,1116,2419,1085,1324,1363,496,237,227,405,362,863,1282,1140,996,839,717,1286,994,1390,902,1096,1998,1887,1755,2043,1986,2125,1840,1809,1812,1886,1064,747,608,1181,1698,889,"47.602103+-122.316923",4523,4532,3568,4158,2094,2178,1638,1727,1710,3356,0,2513,2546,3036,2373,1829,1847,1585,1889,2235,2452,4256,10296,4227,5079,5700,1169,804,1111,1662,1555,3091,4959,4253,3693,3176,2628,4955,3694,5123,3187,4210,8763,7310,6912,7602,7923,8262,7174,7273,7569,7690,3642,2327,2138,4413,6901,3020,"47.602103+-122.316923","OK","OK","OK","OK","OK","OK","OK","OK","OK","OK","OK","OK","OK","OK","OK","OK","OK","OK","OK","OK","OK","OK","OK","OK","OK","OK","OK","OK","OK","OK","OK","OK","OK","OK","OK","OK","OK","OK","OK","OK","OK","OK","OK","OK","OK","OK","OK","OK","OK","OK","OK","OK","OK","OK","OK","OK","OK","OK"
"12","47.618633+-122.325249",778,739,456,644,390,470,684,571,881,459,641,0,270,169,485,385,596,325,198,146,395,642,2087,466,706,824,597,532,913,954,1025,244,808,374,523,366,243,451,521,917,308,477,1666,1311,1179,1467,1540,1600,1265,1581,1585,1310,851,697,237,707,1470,823,"47.618633+-122.325249",2808,2817,1853,2443,1384,1689,2468,2195,2682,1642,2677,0,659,533,1194,1117,1432,1063,581,521,1170,2542,9320,1780,2688,3800,2020,1895,3720,3483,3617,644,3244,1498,1978,1461,913,1690,1979,3408,763,1763,7787,5279,4881,5571,6248,5868,5143,6142,6438,5659,3165,2836,541,2699,5770,3024,"47.618633+-122.325249","OK","OK","OK","OK","OK","OK","OK","OK","OK","OK","OK","OK","OK","OK","OK","OK","OK","OK","OK","OK","OK","OK","OK","OK","OK","OK","OK","OK","OK","OK","OK","OK","OK","OK","OK","OK","OK","OK","OK","OK","OK","OK","OK","OK","OK","OK","OK","OK","OK","OK","OK","OK","OK","OK","OK","OK","OK","OK"
"13","47.622063+-122.321251",914,875,592,780,526,607,821,708,789,596,530,141,0,68,303,204,444,202,209,282,182,527,1982,524,601,719,505,421,757,862,933,302,706,433,659,502,380,509,657,1054,367,535,1561,1252,1119,1407,1480,1540,1205,1372,1376,1250,988,834,146,844,1261,959,"47.622063+-122.321251",3539,3548,2585,3175,2115,2420,3199,2926,2539,2373,2546,606,0,456,792,717,1472,952,845,1252,577,2393,8558,2439,2544,3656,1877,1763,3662,3340,3474,1303,3013,2157,2709,2192,1644,2350,2710,4139,1422,2422,7025,4899,4502,5191,5869,5489,4764,5535,5831,5279,3896,3567,398,3430,5163,3755,"47.622063+-122.321251","OK","OK","OK","OK","OK","OK","OK","OK","OK","OK","OK","OK","OK","OK","OK","OK","OK","OK","OK","OK","OK","OK","OK","OK","OK","OK","OK","OK","OK","OK","OK","OK","OK","OK","OK","OK","OK","OK","OK","OK","OK","OK","OK","OK","OK","OK","OK","OK","OK","OK","OK","OK","OK","OK","OK","OK","OK","OK"
"14","47.623367+-122.325279",916,877,595,782,528,609,823,710,955,598,702,152,166,0,476,376,617,375,373,247,316,656,1917,654,536,654,671,593,929,1028,1099,295,864,562,536,505,382,639,534,1056,360,665,1497,1142,1010,1298,1370,1431,1095,1265,1362,1141,990,836,312,846,1243,961,"47.623367+-122.325279",3292,3301,2337,2927,1867,2173,2951,2678,2995,2125,3036,533,456,0,1284,1207,1964,1444,1225,915,762,2452,8787,2493,2155,3267,2333,2254,4153,3796,3930,1171,3032,2216,2142,1944,1397,2404,2143,3892,1290,2476,7254,4745,4348,5038,5715,5335,4610,5397,6179,5125,3649,3320,854,3182,5544,3507,"47.623367+-122.325279","OK","OK","OK","OK","OK","OK","OK","OK","OK","OK","OK","OK","OK","OK","OK","OK","OK","OK","OK","OK","OK","OK","OK","OK","OK","OK","OK","OK","OK","OK","OK","OK","OK","OK","OK","OK","OK","OK","OK","OK","OK","OK","OK","OK","OK","OK","OK","OK","OK","OK","OK","OK","OK","OK","OK","OK","OK","OK"
"15","47.620712+-122.312805",939,900,617,805,551,631,845,732,824,621,408,279,164,236,0,98,141,165,258,307,153,804,1668,657,760,735,540,300,636,814,771,435,970,566,684,527,405,642,682,1078,590,668,1248,1259,1127,1415,1236,1375,1212,1059,1062,1068,1012,858,244,869,948,984,"47.620712+-122.312805",3968,3976,3013,3603,2543,2849,3627,3354,2967,2801,2373,1194,782,1284,0,552,680,1030,1334,1680,700,3701,7925,3028,3333,3820,2305,1591,3489,4041,3934,1891,4404,2746,3138,2620,2072,2938,3139,4567,2631,3011,6392,5429,5032,5721,5552,5891,5294,4902,5198,5312,4325,3996,934,3858,4530,4183,"47.620712+-122.312805","OK","OK","OK","OK","OK","OK","OK","OK","OK","OK","OK","OK","OK","OK","OK","OK","OK","OK","OK","OK","OK","OK","OK","OK","OK","OK","OK","OK","OK","OK","OK","OK","OK","OK","OK","OK","OK","OK","OK","OK","OK","OK","OK","OK","OK","OK","OK","OK","OK","OK","OK","OK","OK","OK","OK","OK","OK","OK"
"16","47.618549+-122.317017",854,815,532,720,466,546,760,647,739,536,325,239,173,246,217,0,271,58,173,222,161,719,2079,688,770,824,455,217,553,731,688,466,885,743,599,442,320,889,597,993,505,699,1658,1349,1217,1505,1577,1638,1302,1470,1473,1348,927,773,152,784,1358,899,"47.618549+-122.317017",3424,3432,2469,3059,1999,2305,3083,2810,2423,2257,1829,850,717,1207,595,0,748,437,790,1136,623,3157,9139,3128,3257,3871,1761,1047,2945,3497,3390,1992,3860,3154,2594,2076,1529,3856,2595,4024,2087,3111,7606,5481,5083,5773,6450,6070,5345,6116,6412,5861,3781,3452,330,3314,5744,3639,"47.618549+-122.317017","OK","OK","OK","OK","OK","OK","OK","OK","OK","OK","OK","OK","OK","OK","OK","OK","OK","OK","OK","OK","OK","OK","OK","OK","OK","OK","OK","OK","OK","OK","OK","OK","OK","OK","OK","OK","OK","OK","OK","OK","OK","OK","OK","OK","OK","OK","OK","OK","OK","OK","OK","OK","OK","OK","OK","OK","OK","OK"
"17","47.61533+-122.311752",892,853,570,758,504,584,798,685,777,574,361,339,327,399,163,186,0,118,211,260,316,757,1832,726,924,898,493,253,589,767,724,504,923,781,637,480,358,927,635,1031,543,737,1411,1422,1290,1578,1399,1538,1375,1222,1225,1231,965,811,251,822,1111,937,"47.61533+-122.311752",3442,3450,2487,3077,2017,2323,3101,2828,2441,2275,1847,1432,1462,1964,680,748,0,504,808,1154,1380,3175,8605,3146,4013,4500,1779,1065,2963,3515,3408,2010,3878,3172,2612,2094,1546,3874,2613,4042,2105,3129,7072,6109,5712,6401,6232,6571,5974,5582,5878,5992,3799,3470,1055,3332,5210,3657,"47.61533+-122.311752","OK","OK","OK","OK","OK","OK","OK","OK","OK","OK","OK","OK","OK","OK","OK","OK","OK","OK","OK","OK","OK","OK","OK","OK","OK","OK","OK","OK","OK","OK","OK","OK","OK","OK","OK","OK","OK","OK","OK","OK","OK","OK","OK","OK","OK","OK","OK","OK","OK","OK","OK","OK","OK","OK","OK","OK","OK","OK"
"18","47.615486+-122.318245",809,770,487,675,421,501,715,602,694,490,339,256,233,308,389,165,293,0,127,177,282,673,2141,643,833,886,410,231,567,767,702,421,839,698,554,397,274,844,552,948,459,654,1720,1411,1279,1567,1639,1700,1364,1531,1535,1409,882,728,168,738,1420,854,"47.615486+-122.318245",2986,2995,2031,2621,1561,1867,2645,2372,1986,1819,1585,976,952,1444,1030,535,504,0,352,698,1064,2719,9376,2690,3471,4108,1323,803,2702,2786,3146,1554,3422,2716,2156,1639,1091,3418,2157,3586,1650,2673,7843,5718,5320,6010,6687,6307,5582,6353,6649,6098,3343,3014,599,2876,5981,3201,"47.615486+-122.318245","OK","OK","OK","OK","OK","OK","OK","OK","OK","OK","OK","OK","OK","OK","OK","OK","OK","OK","OK","OK","OK","OK","OK","OK","OK","OK","OK","OK","OK","OK","OK","OK","OK","OK","OK","OK","OK","OK","OK","OK","OK","OK","OK","OK","OK","OK","OK","OK","OK","OK","OK","OK","OK","OK","OK","OK","OK","OK"
"19","47.615517+-122.322083",722,683,400,588,334,414,628,515,664,404,447,128,255,324,497,291,401,170,0,90,380,586,2176,556,834,952,380,339,696,737,807,334,753,611,467,310,187,757,465,861,372,567,1755,1446,1314,1602,1674,1735,1399,1566,1570,1444,795,641,179,651,1455,767,"47.615517+-122.322083",2695,2704,1740,2330,1271,1576,2355,2082,1894,1529,1889,581,845,1301,1334,790,808,352,0,408,1356,2429,9351,2399,3388,4500,1232,1107,2933,2695,2829,1263,3131,2425,1865,1348,800,3127,1866,3295,1359,2382,7818,5693,5295,5985,6662,6282,5557,6328,6624,6073,3052,2723,447,2586,5956,2911,"47.615517+-122.322083","OK","OK","OK","OK","OK","OK","OK","OK","OK","OK","OK","OK","OK","OK","OK","OK","OK","OK","OK","OK","OK","OK","OK","OK","OK","OK","OK","OK","OK","OK","OK","OK","OK","OK","OK","OK","OK","OK","OK","OK","OK","OK","OK","OK","OK","OK","OK","OK","OK","OK","OK","OK","OK","OK","OK","OK","OK","OK"
"20","47.615456+-122.326729",647,608,325,513,259,339,553,440,792,329,595,163,493,292,645,439,549,318,215,0,600,511,2166,481,785,904,528,487,844,726,780,259,678,536,392,235,112,682,390,786,297,492,1746,1391,1259,1547,1619,1680,1344,1514,1807,1390,720,566,356,576,1492,692,"47.615456+-122.326729",2340,2349,1385,1975,915,1221,1999,1726,2425,1173,2235,466,1252,978,1680,1136,1154,698,408,0,1759,2073,9776,2044,3144,4256,1578,1453,3279,2457,2625,908,2776,2070,1510,992,445,2772,1511,2940,1003,2027,8243,5735,5337,6027,6704,6324,5599,6386,7031,6115,2697,2368,853,2230,6533,2555,"47.615456+-122.326729","OK","OK","OK","OK","OK","OK","OK","OK","OK","OK","OK","OK","OK","OK","OK","OK","OK","OK","OK","OK","OK","OK","OK","OK","OK","OK","OK","OK","OK","OK","OK","OK","OK","OK","OK","OK","OK","OK","OK","OK","OK","OK","OK","OK","OK","OK","OK","OK","OK","OK","OK","OK","OK","OK","OK","OK","OK","OK"
"21","47.624142+-122.316811",963,924,641,829,575,656,869,756,855,645,435,246,98,133,211,109,352,167,282,331,0,627,1939,624,619,684,571,326,662,840,798,402,994,533,708,551,429,609,706,1102,467,635,1519,1209,1077,1365,1437,1498,1162,1330,1333,1208,1037,882,211,893,1218,1008,"47.624142+-122.316811",4047,4055,3092,3682,2622,2928,3706,3433,3051,2880,2452,1170,577,762,700,623,1380,1060,1413,1759,0,2957,8524,3004,2640,3256,2388,1670,3568,4120,4013,1867,4483,2722,3217,2699,2152,2914,3218,4647,1987,2987,6991,4866,4469,5158,5835,5455,4730,5502,5797,5246,4404,4075,910,3937,5129,4262,"47.624142+-122.316811","OK","OK","OK","OK","OK","OK","OK","OK","OK","OK","OK","OK","OK","OK","OK","OK","OK","OK","OK","OK","OK","OK","OK","OK","OK","OK","OK","OK","OK","OK","OK","OK","OK","OK","OK","OK","OK","OK","OK","OK","OK","OK","OK","OK","OK","OK","OK","OK","OK","OK","OK","OK","OK","OK","OK","OK","OK","OK"
"22","47.624298+-122.339617",667,628,374,533,662,688,893,780,1132,669,1318,928,1216,949,1368,1162,1272,1041,939,766,1323,0,2264,199,507,835,1080,1210,1281,1066,1121,375,208,86,198,453,578,171,262,582,467,113,1843,1580,1421,1823,1880,1834,1530,1676,1708,1483,786,931,1079,380,1589,758,"47.624298+-122.339617",1820,1829,1325,1455,1896,2068,2756,2483,3181,1930,4172,2457,3188,2452,3616,3072,3090,2635,2344,1988,3695,0,10639,784,1792,3439,2685,3389,3684,3214,3381,1186,580,237,716,1529,1544,699,888,1616,1525,220,9106,7038,6489,7710,8493,7485,6876,7631,8031,6960,2287,2837,2790,1471,7397,2146,"47.624298+-122.339617","OK","OK","OK","OK","OK","OK","OK","OK","OK","OK","OK","OK","OK","OK","OK","OK","OK","OK","OK","OK","OK","OK","OK","OK","OK","OK","OK","OK","OK","OK","OK","OK","OK","OK","OK","OK","OK","OK","OK","OK","OK","OK","OK","OK","OK","OK","OK","OK","OK","OK","OK","OK","OK","OK","OK","OK","OK","OK"
"23","47.663509+-122.284119",2838,2931,2498,2657,2747,2786,3017,2904,2969,2793,2685,2360,2214,2258,2206,2360,2295,2358,2389,2462,2275,2124,0,1880,1690,1282,2685,2577,2913,3042,3112,2308,2262,2117,2322,2538,2559,1944,2386,2718,2469,2058,377,1060,975,1100,817,1178,943,862,482,872,3065,3316,2325,2696,798,3144,"47.663509+-122.284119",12169,12728,10941,11072,10979,10952,12372,12100,11071,11546,10993,9190,8583,8747,8234,9164,8721,9402,9377,9783,8550,9617,0,8833,7874,5767,10408,10211,12110,11871,12006,9776,10472,9656,10333,10612,10176,9182,10504,12024,10214,9568,1624,4673,4554,3933,3076,4887,4323,3899,2297,4329,13822,14849,8930,11711,3699,14158,"47.663509+-122.284119","OK","OK","OK","OK","OK","OK","OK","OK","OK","OK","OK","OK","OK","OK","OK","OK","OK","OK","OK","OK","OK","OK","OK","OK","OK","OK","OK","OK","OK","OK","OK","OK","OK","OK","OK","OK","OK","OK","OK","OK","OK","OK","OK","OK","OK","OK","OK","OK","OK","OK","OK","OK","OK","OK","OK","OK","OK","OK"
"24","47.627643+-122.332576",796,889,618,777,906,932,1137,1024,1376,913,1562,1172,1165,965,1612,1406,1516,1285,1182,1010,1268,244,2277,0,355,683,1324,1454,1525,1310,1365,432,303,274,442,697,822,63,506,676,530,223,1856,1592,1433,1836,1892,1846,1543,1689,1721,1496,1023,1174,1323,654,1602,1002,"47.627643+-122.332576",2293,2853,2108,2239,2680,2852,3539,3267,3965,2713,4955,3241,2683,2244,4400,3856,3874,3418,3128,2772,2778,784,10974,0,1018,2666,3469,4173,4468,3997,4165,1233,1113,863,1500,2312,2327,340,1671,2149,1434,741,9441,7373,6824,8045,8828,7820,7211,7966,8366,7295,3947,3620,3573,1835,7732,2929,"47.627643+-122.332576","OK","OK","OK","OK","OK","OK","OK","OK","OK","OK","OK","OK","OK","OK","OK","OK","OK","OK","OK","OK","OK","OK","OK","OK","OK","OK","OK","OK","OK","OK","OK","OK","OK","OK","OK","OK","OK","OK","OK","OK","OK","OK","OK","OK","OK","OK","OK","OK","OK","OK","OK","OK","OK","OK","OK","OK","OK","OK"
"25","47.634831+-122.326634",997,1090,820,978,996,1097,1339,1226,1577,1114,1513,1008,1057,857,1226,1188,1367,1186,1294,1121,1095,446,1828,202,0,507,1435,1405,1727,1512,1566,557,504,439,644,787,933,266,708,878,719,380,1407,1053,921,1209,1281,1342,1006,1175,1272,1052,1225,1376,1168,856,1153,1204,"47.634831+-122.326634",3295,3855,3110,3241,3156,3461,4541,4269,4967,3715,5430,2688,2594,2155,3549,3601,4230,3838,3603,3248,2926,1786,7620,1002,0,1944,3945,4647,5470,4999,5167,1952,2115,1825,2502,2788,2803,1351,2673,3151,2390,1738,6087,3579,3181,3871,4548,4168,3443,4230,5012,3959,4949,4622,2941,2837,4378,3931,"47.634831+-122.326634","OK","OK","OK","OK","OK","OK","OK","OK","OK","OK","OK","OK","OK","OK","OK","OK","OK","OK","OK","OK","OK","OK","OK","OK","OK","OK","OK","OK","OK","OK","OK","OK","OK","OK","OK","OK","OK","OK","OK","OK","OK","OK","OK","OK","OK","OK","OK","OK","OK","OK","OK","OK","OK","OK","OK","OK","OK","OK"
"26","47.64909+-122.322983",1407,1500,1229,1388,1478,1580,1748,1635,1916,1524,1633,1307,1161,956,1351,1307,1492,1305,1336,1204,1222,855,1263,611,421,0,1632,1524,1860,1921,1976,1039,914,849,1053,1269,1218,675,1117,1287,1201,790,842,488,355,643,716,776,441,610,707,486,1635,1786,1273,1266,588,1613,"47.64909+-122.322983",5323,5883,5138,5268,5176,5481,6569,6296,6441,5743,6364,4561,3954,3273,4484,4535,5164,4772,4747,4262,3920,3813,5520,3029,2071,0,5779,5582,7480,7027,7194,3972,4143,3852,4529,4808,4489,3379,4701,5179,4410,3765,3987,1479,1081,1771,2448,2068,1343,2130,2912,1859,6976,6650,4301,4865,2277,5959,"47.64909+-122.322983","OK","OK","OK","OK","OK","OK","OK","OK","OK","OK","OK","OK","OK","OK","OK","OK","OK","OK","OK","OK","OK","OK","OK","OK","OK","OK","OK","OK","OK","OK","OK","OK","OK","OK","OK","OK","OK","OK","OK","OK","OK","OK","OK","OK","OK","OK","OK","OK","OK","OK","OK","OK","OK","OK","OK","OK","OK","OK"
"27","47.607281+-122.324783",787,748,467,653,269,281,389,362,310,467,329,427,579,647,741,535,645,414,331,293,703,665,2499,766,1157,1276,0,312,414,413,484,531,848,689,545,377,320,835,543,1003,471,777,2079,1769,1637,1925,1997,2058,1722,1890,1893,1768,858,685,442,719,1779,827,"47.607281+-122.324783",2843,2852,1882,2479,1104,1188,1159,1262,783,1677,1193,1662,1877,2333,2305,1761,1779,1323,1201,1093,2388,2574,10383,2930,4420,5532,0,889,2144,1686,1820,1898,3141,2571,2011,1490,1197,3273,2011,3719,1603,2913,8850,6725,6327,7017,7694,7314,6589,7360,7656,7105,3200,2620,1478,2727,6988,3313,"47.607281+-122.324783","OK","OK","OK","OK","OK","OK","OK","OK","OK","OK","OK","OK","OK","OK","OK","OK","OK","OK","OK","OK","OK","OK","OK","OK","OK","OK","OK","OK","OK","OK","OK","OK","OK","OK","OK","OK","OK","OK","OK","OK","OK","OK","OK","OK","OK","OK","OK","OK","OK","OK","OK","OK","OK","OK","OK","OK","OK","OK"
"28","47.609239+-122.316651",1044,1005,722,910,601,613,756,694,691,726,165,491,504,577,522,331,426,270,362,412,492,908,2162,878,1116,1156,374,0,393,570,528,656,1075,933,789,632,509,1079,787,1183,694,889,1741,1680,1548,1836,1729,1868,1633,1552,1555,1679,1230,913,401,973,1441,1055,"47.609239+-122.316651",3741,3749,2786,3376,2039,2123,2447,2196,2519,2574,804,1731,1763,2254,1591,1047,1065,803,1107,1453,1670,3474,9494,3445,4297,4918,889,0,1920,2471,2364,2309,4177,3471,2910,2393,1845,4173,2911,4340,2404,3428,7961,6527,6130,6819,7121,7460,6392,6471,6767,6907,4451,3136,1355,3631,6099,3829,"47.609239+-122.316651","OK","OK","OK","OK","OK","OK","OK","OK","OK","OK","OK","OK","OK","OK","OK","OK","OK","OK","OK","OK","OK","OK","OK","OK","OK","OK","OK","OK","OK","OK","OK","OK","OK","OK","OK","OK","OK","OK","OK","OK","OK","OK","OK","OK","OK","OK","OK","OK","OK","OK","OK","OK","OK","OK","OK","OK","OK","OK"
"29","47.598488+-122.326412",1179,1140,1008,1045,854,717,497,595,383,874,512,1211,1225,1298,1243,1052,1147,990,1083,1133,1213,1215,2908,1414,1801,1876,725,751,0,262,138,1281,1361,1240,1096,918,977,1386,1066,1295,1078,1328,2488,2401,2269,2557,2476,2615,2354,2299,2302,2308,896,572,1086,1166,2187,721,"47.598488+-122.326412",3181,3189,2617,2816,1840,1556,1251,1369,791,1923,1120,3639,3671,4162,3498,2955,2972,2711,3015,3361,3578,3639,11412,4423,5605,6825,1408,1929,0,743,482,3289,4008,3636,3076,2225,2323,4338,2953,3908,2728,3859,9879,8435,8038,8727,9039,9378,8299,8389,8685,8799,3162,1845,2663,3312,8017,2541,"47.598488+-122.326412","OK","OK","OK","OK","OK","OK","OK","OK","OK","OK","OK","OK","OK","OK","OK","OK","OK","OK","OK","OK","OK","OK","OK","OK","OK","OK","OK","OK","OK","OK","OK","OK","OK","OK","OK","OK","OK","OK","OK","OK","OK","OK","OK","OK","OK","OK","OK","OK","OK","OK","OK","OK","OK","OK","OK","OK","OK","OK"
"30","47.600757+-122.332946",1007,810,839,873,703,630,234,346,281,625,628,1157,1236,1305,1398,1193,1302,1071,1046,996,1361,1046,3310,1245,1386,1827,738,867,292,0,130,1090,1191,1071,927,749,807,1217,896,1045,909,1159,2889,2626,2295,2583,2926,2880,2576,2722,2551,2529,634,310,1099,995,2635,458,"47.600757+-122.332946",2859,2397,2295,2494,1765,1568,508,716,625,1269,1353,2914,3291,3747,3720,3176,3194,2738,2645,2446,3803,3317,13957,4101,4633,6484,1638,2162,732,0,429,3026,3686,3314,2754,1903,2001,4016,2631,3254,2407,3537,12424,10355,7742,8431,11811,10802,10193,10949,9071,10278,2420,1103,2893,2990,10714,1799,"47.600757+-122.332946","OK","OK","OK","OK","OK","OK","OK","OK","OK","OK","OK","OK","OK","OK","OK","OK","OK","OK","OK","OK","OK","OK","OK","OK","OK","OK","OK","OK","OK","OK","OK","OK","OK","OK","OK","OK","OK","OK","OK","OK","OK","OK","OK","OK","OK","OK","OK","OK","OK","OK","OK","OK","OK","OK","OK","OK","OK","OK"
"31","47.598994+-122.329684",1090,893,922,957,786,713,330,429,323,708,681,1240,1320,1388,1412,1222,1316,1154,1129,1079,1383,1129,3393,1328,1469,1910,822,920,175,96,0,1173,1274,1154,1010,832,890,1300,980,1128,992,1242,2973,2709,2378,2666,3009,2963,2659,2806,2634,2613,730,406,1182,1078,2718,555,"47.598994+-122.329684",3199,2737,2635,2834,2105,1908,937,1056,763,1609,1565,3254,3631,4087,3943,3399,3417,3078,2985,2786,4022,3657,14297,4441,4973,6824,1978,2374,473,429,0,3366,4026,3654,3094,2243,2341,4356,2971,3594,2747,3877,12764,10695,8082,8771,12151,11142,10533,11289,9411,10618,2849,1531,3233,3330,11054,2227,"47.598994+-122.329684","OK","OK","OK","OK","OK","OK","OK","OK","OK","OK","OK","OK","OK","OK","OK","OK","OK","OK","OK","OK","OK","OK","OK","OK","OK","OK","OK","OK","OK","OK","OK","OK","OK","OK","OK","OK","OK","OK","OK","OK","OK","OK","OK","OK","OK","OK","OK","OK","OK","OK","OK","OK","OK","OK","OK","OK","OK","OK"
"32","47.619859+-122.330304",718,678,351,584,470,571,738,625,976,513,1147,626,856,656,1197,991,1101,869,767,595,959,242,2506,239,473,774,909,1039,1126,911,965,0,450,148,316,261,406,224,366,800,192,250,2085,1261,1129,1417,1490,1550,1214,1384,1950,1725,837,701,907,602,1831,809,"47.619859+-122.330304",2305,2314,1291,1940,1266,1572,2204,1931,2629,1377,3542,1048,2178,1739,2986,2442,2460,2005,1714,1359,2274,1186,11826,1228,1952,3493,2055,2759,3132,2661,2829,0,1767,951,1142,899,914,1138,1353,2605,501,1211,10293,4971,4574,5263,5941,5560,4836,5623,9218,8147,2772,2251,2160,2136,8583,2631,"47.619859+-122.330304","OK","OK","OK","OK","OK","OK","OK","OK","OK","OK","OK","OK","OK","OK","OK","OK","OK","OK","OK","OK","OK","OK","OK","OK","OK","OK","OK","OK","OK","OK","OK","OK","OK","OK","OK","OK","OK","OK","OK","OK","OK","OK","OK","OK","OK","OK","OK","OK","OK","OK","OK","OK","OK","OK","OK","OK","OK","OK"
"33","47.627735+-122.342232",575,668,495,655,853,810,1015,902,1253,790,1510,1119,1408,1128,1560,1354,1464,1232,1130,958,1515,180,2177,243,552,879,1272,1401,1403,1188,1242,555,0,266,378,645,769,180,372,456,658,241,1756,1493,1333,1736,1793,1747,1443,1589,1621,1396,803,1054,1270,434,1502,882,"47.627735+-122.342232",1697,2257,1695,1825,2562,2439,3126,2853,3552,2300,4837,3122,3853,3032,4282,3738,3756,3300,3009,2654,4361,580,10068,1113,2121,3769,3351,4055,4055,3584,3752,1767,0,817,1296,2194,2209,648,1171,1553,2191,944,8535,6467,5918,7139,7922,6914,6305,7060,7460,6389,3350,4377,3455,1239,6826,3686,"47.627735+-122.342232","OK","OK","OK","OK","OK","OK","OK","OK","OK","OK","OK","OK","OK","OK","OK","OK","OK","OK","OK","OK","OK","OK","OK","OK","OK","OK","OK","OK","OK","OK","OK","OK","OK","OK","OK","OK","OK","OK","OK","OK","OK","OK","OK","OK","OK","OK","OK","OK","OK","OK","OK","OK","OK","OK","OK","OK","OK","OK"
"34","47.623165+-122.338203",726,687,434,592,721,748,953,840,1191,728,1378,987,1061,860,1427,1222,1331,1100,998,825,1164,94,2358,248,515,842,1139,1269,1341,1125,1180,287,302,0,257,513,637,153,322,654,479,259,1937,1674,1514,1917,1974,1928,1624,1770,1802,1577,846,990,1138,434,1683,817,"47.623165+-122.338203",1817,1825,1321,1452,1893,2065,2753,2480,3178,1926,4168,2454,2656,2217,3613,3069,3087,2631,2341,1985,2751,237,10877,858,1833,3480,2682,3386,3681,3210,3378,951,817,0,713,1525,1541,561,884,1657,1452,842,9344,7275,6727,7947,8731,7722,7113,7869,8269,7198,2284,2833,2786,1467,7634,2142,"47.623165+-122.338203","OK","OK","OK","OK","OK","OK","OK","OK","OK","OK","OK","OK","OK","OK","OK","OK","OK","OK","OK","OK","OK","OK","OK","OK","OK","OK","OK","OK","OK","OK","OK","OK","OK","OK","OK","OK","OK","OK","OK","OK","OK","OK","OK","OK","OK","OK","OK","OK","OK","OK","OK","OK","OK","OK","OK","OK","OK","OK"
"35","47.61832+-122.338913",572,444,190,438,415,602,746,633,985,522,1134,744,1032,913,1184,978,1088,857,754,582,1139,183,2447,381,690,1018,896,1026,1134,919,974,327,391,131,0,171,394,253,165,520,283,295,2026,1762,1603,2006,2062,2016,1713,1859,1891,1666,691,709,895,311,1772,663,"47.61832+-122.338913",1544,1068,571,1179,1015,1511,2080,1807,2506,1254,3418,1704,2435,2237,2863,2319,2337,1881,1591,1235,2942,716,11356,1500,2508,4155,1932,2636,3009,2538,2706,1074,1296,642,0,550,791,1168,597,1615,772,936,9822,7754,7205,8426,9210,8201,7592,8347,8747,7677,2011,2127,2036,905,8113,1869,"47.61832+-122.338913","OK","OK","OK","OK","OK","OK","OK","OK","OK","OK","OK","OK","OK","OK","OK","OK","OK","OK","OK","OK","OK","OK","OK","OK","OK","OK","OK","OK","OK","OK","OK","OK","OK","OK","OK","OK","OK","OK","OK","OK","OK","OK","OK","OK","OK","OK","OK","OK","OK","OK","OK","OK","OK","OK","OK","OK","OK","OK"
"36","47.613628+-122.337341",455,416,90,321,310,256,476,363,714,251,1033,642,930,812,1082,877,986,755,653,481,1038,297,2561,496,721,1049,741,924,864,648,703,342,442,322,178,0,292,468,148,551,260,410,2141,1877,1718,2120,2177,2131,1827,1974,2006,1781,575,439,793,341,1887,546,"47.613628+-122.337341",1411,1419,393,1046,695,614,1309,1036,1735,483,3303,1588,2319,2121,2748,2204,2222,1766,1475,1120,2827,1414,12054,2198,2745,4393,1615,2520,2238,1767,1935,1123,1784,1411,851,0,675,2113,728,1947,843,1634,10521,8452,7904,9125,9908,8899,8290,9046,9446,8375,1878,1356,1921,1238,8811,1736,"47.613628+-122.337341","OK","OK","OK","OK","OK","OK","OK","OK","OK","OK","OK","OK","OK","OK","OK","OK","OK","OK","OK","OK","OK","OK","OK","OK","OK","OK","OK","OK","OK","OK","OK","OK","OK","OK","OK","OK","OK","OK","OK","OK","OK","OK","OK","OK","OK","OK","OK","OK","OK","OK","OK","OK","OK","OK","OK","OK","OK","OK"
"37","47.613715+-122.331777",534,495,213,400,146,227,441,328,679,216,741,350,638,520,790,585,694,463,361,189,746,399,2663,501,767,1020,520,632,829,613,668,388,565,424,280,123,0,570,278,674,185,512,2242,1508,1376,1664,1736,1797,1461,2075,2107,1882,608,454,501,464,1988,579,"47.613715+-122.331777",1895,1904,940,1530,471,776,1555,1282,1980,728,2628,913,1644,1446,2072,1529,1546,1091,800,445,2152,1629,12268,1985,2959,4483,1197,1845,2483,2012,2180,1337,2331,1625,1065,548,0,2327,1066,2495,559,1968,10735,5961,5564,6253,6931,6551,5826,9260,9660,8589,2252,1923,1246,1786,9025,2111,"47.613715+-122.331777","OK","OK","OK","OK","OK","OK","OK","OK","OK","OK","OK","OK","OK","OK","OK","OK","OK","OK","OK","OK","OK","OK","OK","OK","OK","OK","OK","OK","OK","OK","OK","OK","OK","OK","OK","OK","OK","OK","OK","OK","OK","OK","OK","OK","OK","OK","OK","OK","OK","OK","OK","OK","OK","OK","OK","OK","OK","OK"
"38","47.626041+-122.335831",746,839,568,727,856,882,1087,974,1326,863,1512,1122,1158,957,1562,1356,1466,1235,1132,960,1261,194,2220,63,415,743,1274,1404,1475,1260,1315,425,241,226,392,647,772,0,456,626,523,152,1800,1536,1377,1779,1836,1790,1487,1633,1665,1440,973,1124,1273,604,1546,952,"47.626041+-122.335831",2003,2563,1818,1948,2389,2562,3249,2976,3675,2423,4665,2950,2644,2205,4110,3566,3584,3128,2837,2482,2739,493,10681,349,1366,3013,3178,3882,4177,3707,3874,1194,648,661,1209,2022,2037,0,1381,1859,1395,450,9148,7080,6531,7752,8535,7527,6918,7673,8073,7002,3656,3330,3283,1545,7439,2639,"47.626041+-122.335831","OK","OK","OK","OK","OK","OK","OK","OK","OK","OK","OK","OK","OK","OK","OK","OK","OK","OK","OK","OK","OK","OK","OK","OK","OK","OK","OK","OK","OK","OK","OK","OK","OK","OK","OK","OK","OK","OK","OK","OK","OK","OK","OK","OK","OK","OK","OK","OK","OK","OK","OK","OK","OK","OK","OK","OK","OK","OK"
"39","47.618285+-122.342205",445,406,144,311,489,467,672,559,910,447,1146,755,1043,925,1195,990,1099,868,766,594,1151,184,2448,383,691,1019,907,1037,1060,844,899,375,316,209,65,281,405,355,0,520,283,297,2027,1764,1605,2007,2064,2018,1714,1860,1892,1667,565,709,906,310,1773,536,"47.618285+-122.342205",1174,1183,640,810,1448,1423,2110,1837,2536,1284,3724,2009,2740,2542,3169,2625,2643,2187,1896,1541,3248,873,11512,1656,2664,4312,2237,2941,3039,2568,2736,1358,1171,869,309,1081,1096,1571,0,1716,853,1093,9979,7910,7362,8583,9366,8358,7748,8504,8904,7833,1642,2191,2342,1006,8270,1500,"47.618285+-122.342205","OK","OK","OK","OK","OK","OK","OK","OK","OK","OK","OK","OK","OK","OK","OK","OK","OK","OK","OK","OK","OK","OK","OK","OK","OK","OK","OK","OK","OK","OK","OK","OK","OK","OK","OK","OK","OK","OK","OK","OK","OK","OK","OK","OK","OK","OK","OK","OK","OK","OK","OK","OK","OK","OK","OK","OK","OK","OK"
"40","47.622277+-122.35523",273,291,521,443,823,749,803,690,1042,579,1494,1146,1434,1315,1586,1380,1490,1258,1156,984,1541,295,2542,500,785,1113,1247,1428,1191,976,1030,689,366,379,448,671,795,448,398,0,684,383,2121,1858,1699,2101,2158,2112,1808,1954,1986,1761,401,652,1297,192,1867,480,"47.622277+-122.35523",921,1012,1947,1457,2656,2459,2758,2485,3184,1932,4221,3375,4106,3908,4534,3990,4008,3552,3262,2906,4613,1461,12045,2202,3198,4845,3576,4307,3687,3216,3383,2629,1605,1692,1582,2446,2462,2105,1424,0,2443,1626,10512,8444,7895,9116,9899,8891,8282,9037,9437,8366,1783,2809,3707,709,8803,2118,"47.622277+-122.35523","OK","OK","OK","OK","OK","OK","OK","OK","OK","OK","OK","OK","OK","OK","OK","OK","OK","OK","OK","OK","OK","OK","OK","OK","OK","OK","OK","OK","OK","OK","OK","OK","OK","OK","OK","OK","OK","OK","OK","OK","OK","OK","OK","OK","OK","OK","OK","OK","OK","OK","OK","OK","OK","OK","OK","OK","OK","OK"
"41","47.61626+-122.333815",525,486,159,391,277,379,546,433,784,321,955,564,852,734,1004,799,908,677,575,403,960,295,2559,312,578,906,716,846,934,718,773,199,478,175,175,69,214,297,174,620,0,323,2138,1875,1716,2118,2175,2129,1825,1971,2003,1778,645,509,715,410,1884,616,"47.61626+-122.333815",1805,1813,791,1440,766,1071,1703,1430,2129,877,3041,1327,2058,1860,2486,1942,1960,1504,1214,858,2565,1415,12055,1386,2360,4007,1555,2259,2632,2161,2329,738,1982,958,852,398,413,1296,853,2345,0,1369,10522,8453,7905,9125,9909,8900,8291,9047,9447,8376,2272,1750,1659,1636,8812,2130,"47.61626+-122.333815","OK","OK","OK","OK","OK","OK","OK","OK","OK","OK","OK","OK","OK","OK","OK","OK","OK","OK","OK","OK","OK","OK","OK","OK","OK","OK","OK","OK","OK","OK","OK","OK","OK","OK","OK","OK","OK","OK","OK","OK","OK","OK","OK","OK","OK","OK","OK","OK","OK","OK","OK","OK","OK","OK","OK","OK","OK","OK"
"42","47.624769+-122.339408",577,669,431,590,719,745,950,837,1188,725,1375,984,1273,1005,1425,1219,1329,1097,995,823,1380,57,2232,167,476,803,1137,1267,1338,1123,1177,432,140,143,255,510,634,139,319,457,523,0,1812,1548,1389,1791,1848,1802,1498,1645,1676,1452,804,987,1135,435,1557,815,"47.624769+-122.339408",1565,2124,1393,1524,1965,2137,2824,2552,3250,1998,4240,2526,3257,2521,3685,3141,3159,2703,2412,2057,3764,69,10621,765,1773,3421,2754,3458,3753,3282,3450,1255,578,306,785,1597,1612,680,956,1420,1594,0,9088,7019,6471,7692,8475,7467,6857,7613,8013,6942,3218,2905,2858,1107,7379,2214,"47.624769+-122.339408","OK","OK","OK","OK","OK","OK","OK","OK","OK","OK","OK","OK","OK","OK","OK","OK","OK","OK","OK","OK","OK","OK","OK","OK","OK","OK","OK","OK","OK","OK","OK","OK","OK","OK","OK","OK","OK","OK","OK","OK","OK","OK","OK","OK","OK","OK","OK","OK","OK","OK","OK","OK","OK","OK","OK","OK","OK","OK"
"43","47.666145+-122.301491",2476,2569,2136,2295,2385,2425,2655,2542,2607,2431,2324,1998,1852,1897,1844,1998,1933,1996,2027,2100,1913,1762,436,1518,1328,920,2323,2215,2551,2680,2751,1947,1901,1756,1960,2176,2198,1582,2024,2356,2108,1697,0,699,613,736,456,816,582,500,438,510,2704,2955,1964,2335,436,2782,"47.666145+-122.301491",10635,11195,9408,9539,9446,9419,10839,10566,9538,10013,9460,7657,7050,7213,6701,7631,7188,7868,7844,8250,7016,8083,1624,7300,6341,4233,8875,8678,10577,10338,10472,8243,8939,8122,8800,9079,8643,7649,8971,10491,8680,8035,0,3140,3020,2379,1542,3354,2790,2365,1898,2796,12289,13316,7397,10177,2166,12624,"47.666145+-122.301491","OK","OK","OK","OK","OK","OK","OK","OK","OK","OK","OK","OK","OK","OK","OK","OK","OK","OK","OK","OK","OK","OK","OK","OK","OK","OK","OK","OK","OK","OK","OK","OK","OK","OK","OK","OK","OK","OK","OK","OK","OK","OK","OK","OK","OK","OK","OK","OK","OK","OK","OK","OK","OK","OK","OK","OK","OK","OK"
"44","47.658288+-122.313334",1760,1853,1583,1741,1831,1933,2102,1989,2171,1877,1888,1563,1416,1461,1606,1562,1747,1561,1592,1665,1477,1208,950,965,774,366,1887,1779,2115,2274,2315,1393,1267,1202,1407,1623,1768,1028,1471,1641,1554,1143,529,0,48,246,301,275,95,251,394,190,1988,2139,1528,1619,275,1966,"47.658288+-122.313334",6873,7432,6687,6818,6726,7031,8119,7846,7348,7293,7270,5467,4860,5024,5390,5441,6070,5678,5654,6060,4827,5363,4673,4579,3621,1513,6685,6488,8387,8576,8283,5522,5693,5402,6079,6358,6373,4929,6251,6729,5960,5315,3140,0,397,689,1031,399,399,1187,2065,1097,8526,8199,5207,6415,1430,7508,"47.658288+-122.313334","OK","OK","OK","OK","OK","OK","OK","OK","OK","OK","OK","OK","OK","OK","OK","OK","OK","OK","OK","OK","OK","OK","OK","OK","OK","OK","OK","OK","OK","OK","OK","OK","OK","OK","OK","OK","OK","OK","OK","OK","OK","OK","OK","OK","OK","OK","OK","OK","OK","OK","OK","OK","OK","OK","OK","OK","OK","OK"
"45","47.656395+-122.31562",1711,1804,1533,1692,1782,1883,2052,1939,2122,1828,1838,1513,1367,1412,1557,1513,1698,1511,1542,1615,1428,1159,971,915,725,317,1838,1730,2066,2225,2266,1343,1218,1153,1357,1573,1719,979,1421,1591,1505,1093,550,133,0,347,378,439,103,273,415,178,1939,2090,1478,1570,296,1917,"47.656395+-122.31562",6475,7035,6290,6420,6328,6633,7721,7448,6950,6895,6873,5069,4462,4626,4992,5044,5672,5281,5256,5663,4429,4965,4620,4182,3223,1115,6288,6090,7989,8179,7885,5124,5295,5004,5681,5960,5976,4531,5853,6331,5562,4917,3087,397,0,767,1452,1072,347,1134,2012,896,8128,7802,4809,6017,1377,7111,"47.656395+-122.31562","OK","OK","OK","OK","OK","OK","OK","OK","OK","OK","OK","OK","OK","OK","OK","OK","OK","OK","OK","OK","OK","OK","OK","OK","OK","OK","OK","OK","OK","OK","OK","OK","OK","OK","OK","OK","OK","OK","OK","OK","OK","OK","OK","OK","OK","OK","OK","OK","OK","OK","OK","OK","OK","OK","OK","OK","OK","OK"
"46","47.663143+-122.315086",1872,1965,1695,1854,1943,2045,2214,2101,2283,1989,2000,1675,1529,1573,1719,1675,1860,1673,1704,1777,1589,1321,810,1077,887,478,2000,1891,2228,2387,2427,1505,1379,1314,1519,1735,1880,1141,1583,1753,1666,1255,387,150,161,0,227,313,230,295,542,338,2100,2251,1640,1731,423,2079,"47.663143+-122.315086",7242,7802,7057,7188,7095,7401,8489,8216,7717,7662,7640,5837,5230,5393,5760,5811,6440,6048,6023,6430,5196,5733,3480,4949,3990,1883,7055,6858,8756,8946,8652,5892,6062,5772,6449,6728,6743,5298,6620,7098,6330,5685,1926,689,768,0,1046,1113,1066,1620,2737,1770,8896,8569,5577,6784,2103,7878,"47.663143+-122.315086","OK","OK","OK","OK","OK","OK","OK","OK","OK","OK","OK","OK","OK","OK","OK","OK","OK","OK","OK","OK","OK","OK","OK","OK","OK","OK","OK","OK","OK","OK","OK","OK","OK","OK","OK","OK","OK","OK","OK","OK","OK","OK","OK","OK","OK","OK","OK","OK","OK","OK","OK","OK","OK","OK","OK","OK","OK","OK"
"47","47.660268+-122.304826",1950,2043,1772,1931,2021,2122,2291,2178,2388,2066,2105,1780,1634,1678,1626,1780,1715,1778,1809,1882,1695,1398,678,1154,964,556,2105,1997,2333,2462,2532,1582,1580,1391,1596,1812,1979,1218,1660,1830,1743,1332,258,251,245,278,0,198,182,95,337,309,2177,2328,1745,1808,217,2156,"47.660268+-122.304826",7890,8450,7705,7836,7743,8049,9136,8864,8772,8310,8694,6891,6284,6447,5935,6865,6422,7102,7078,7484,6250,6381,3149,5597,4638,2531,8109,7912,9811,9572,9706,6540,7472,6420,7097,7376,7877,5946,7268,7746,6978,6332,1616,1232,1452,1247,0,609,1106,723,2034,2044,9544,9217,6631,7432,1400,8526,"47.660268+-122.304826","OK","OK","OK","OK","OK","OK","OK","OK","OK","OK","OK","OK","OK","OK","OK","OK","OK","OK","OK","OK","OK","OK","OK","OK","OK","OK","OK","OK","OK","OK","OK","OK","OK","OK","OK","OK","OK","OK","OK","OK","OK","OK","OK","OK","OK","OK","OK","OK","OK","OK","OK","OK","OK","OK","OK","OK","OK","OK"
"48","47.659756+-122.310402",1977,2070,1799,1958,2048,2150,2318,2205,2493,2094,2210,1884,1738,1783,1730,1884,1819,1882,1913,1986,1799,1425,999,1181,991,583,2209,2101,2437,2566,2637,1609,1608,1419,1623,1839,1985,1245,1687,1857,1771,1359,578,209,272,274,174,0,210,206,441,409,2205,2356,1849,1836,322,2183,"47.659756+-122.310402",7510,8070,7325,7456,7363,7669,8756,8484,9040,7930,8963,7159,6552,6716,6203,7134,6690,7371,7346,7753,6519,6001,4887,5217,4258,2151,8378,8180,10079,9841,9975,6160,7092,6040,6717,6996,7011,5566,6888,7366,6598,5952,3354,404,1072,980,609,0,726,980,2303,2275,9164,8837,6899,7052,1668,8146,"47.659756+-122.310402","OK","OK","OK","OK","OK","OK","OK","OK","OK","OK","OK","OK","OK","OK","OK","OK","OK","OK","OK","OK","OK","OK","OK","OK","OK","OK","OK","OK","OK","OK","OK","OK","OK","OK","OK","OK","OK","OK","OK","OK","OK","OK","OK","OK","OK","OK","OK","OK","OK","OK","OK","OK","OK","OK","OK","OK","OK","OK"
"49","47.65559+-122.31189",1782,1874,1604,1763,1853,1954,2123,2010,2192,1898,1909,1584,1438,1482,1628,1584,1769,1582,1613,1686,1499,1230,899,986,796,387,1909,1801,2137,2296,2336,1414,1458,1223,1428,1644,1789,1050,1492,1662,1575,1164,479,139,77,382,295,356,0,190,343,137,2009,2160,1549,1640,224,1988,"47.65559+-122.31189",6843,7403,6658,6788,6696,7002,8089,7816,7318,7263,7241,5437,4830,4994,5360,5412,6040,5649,5624,6031,4797,5333,4323,4550,3591,1483,6656,6458,8357,8547,8253,5493,6708,5372,6049,6329,6344,4899,6221,6699,5930,5285,2790,458,404,1130,1106,726,0,788,1715,713,8496,8170,5177,6385,1080,7479,"47.65559+-122.31189","OK","OK","OK","OK","OK","OK","OK","OK","OK","OK","OK","OK","OK","OK","OK","OK","OK","OK","OK","OK","OK","OK","OK","OK","OK","OK","OK","OK","OK","OK","OK","OK","OK","OK","OK","OK","OK","OK","OK","OK","OK","OK","OK","OK","OK","OK","OK","OK","OK","OK","OK","OK","OK","OK","OK","OK","OK","OK"
"50","47.654613+-122.304863",2140,2233,1780,1939,2029,2111,2299,2186,2294,2075,2010,1685,1539,1584,1531,1685,1620,1683,1714,1787,1600,1406,796,1162,972,564,2010,1902,2238,2367,2438,1590,1564,1400,1604,1820,1885,1226,1668,2020,1752,1340,376,315,253,403,177,323,191,0,242,214,2367,2336,1650,1998,123,2164,"47.654613+-122.304863",8959,9519,7504,7635,7542,7929,8935,8662,8048,8109,7971,6167,5560,5724,5211,6142,5698,6379,6354,6761,5527,6179,3899,5396,4437,2329,7386,7188,9087,8849,8983,6339,7262,6218,6896,7175,7153,5745,7067,8815,6776,6131,2365,1304,1251,1618,650,980,905,0,1311,1321,10612,9016,5907,8501,676,8325,"47.654613+-122.304863","OK","OK","OK","OK","OK","OK","OK","OK","OK","OK","OK","OK","OK","OK","OK","OK","OK","OK","OK","OK","OK","OK","OK","OK","OK","OK","OK","OK","OK","OK","OK","OK","OK","OK","OK","OK","OK","OK","OK","OK","OK","OK","OK","OK","OK","OK","OK","OK","OK","OK","OK","OK","OK","OK","OK","OK","OK","OK"
"51","47.653713+-122.302162",2334,2426,1994,2153,2115,2195,2513,2400,2377,2288,2094,1769,1623,1667,1615,1769,1704,1767,1798,1871,1684,1620,504,1376,1186,777,2094,1986,2322,2451,2521,1804,1758,1613,1818,2034,1968,1440,1882,2214,1965,1554,417,556,471,799,617,755,439,439,0,368,2561,2812,1734,2192,328,2640,"47.653713+-122.302162",9276,9836,8049,8179,7595,7901,9480,9207,8019,8654,7942,6139,5532,5695,5183,6113,5670,6350,6325,6732,5498,6724,2172,5941,4982,2874,7357,7160,9058,8820,8954,6883,7579,6763,7440,7719,7125,6290,7612,9132,7321,6676,1885,1780,1661,2453,2518,2857,1430,1868,0,1436,10930,11956,5879,8818,1496,11265,"47.653713+-122.302162","OK","OK","OK","OK","OK","OK","OK","OK","OK","OK","OK","OK","OK","OK","OK","OK","OK","OK","OK","OK","OK","OK","OK","OK","OK","OK","OK","OK","OK","OK","OK","OK","OK","OK","OK","OK","OK","OK","OK","OK","OK","OK","OK","OK","OK","OK","OK","OK","OK","OK","OK","OK","OK","OK","OK","OK","OK","OK"
"52","47.650725+-122.311188",2129,2222,1789,1948,2011,2091,2308,2195,2274,2084,1990,1665,1519,1564,1511,1665,1600,1663,1694,1767,1580,1415,943,1171,981,573,1990,1882,2218,2347,2418,1599,1553,1409,1613,1829,1865,1235,1677,2009,1761,1349,523,399,272,642,559,668,250,356,388,0,2356,2607,1630,1988,269,2435,"47.650725+-122.311188",8490,9049,7262,7393,7372,7677,8693,8421,7796,7867,7719,5916,5308,5472,4960,5890,5446,6127,6102,6509,5275,5938,4329,5154,4195,2088,7134,6936,8835,8597,8731,6097,6793,5977,6654,6933,6901,5503,6825,8345,6535,5889,2796,1225,896,1897,2183,2275,728,1321,1721,0,10143,11170,5655,8032,1086,10479,"47.650725+-122.311188","OK","OK","OK","OK","OK","OK","OK","OK","OK","OK","OK","OK","OK","OK","OK","OK","OK","OK","OK","OK","OK","OK","OK","OK","OK","OK","OK","OK","OK","OK","OK","OK","OK","OK","OK","OK","OK","OK","OK","OK","OK","OK","OK","OK","OK","OK","OK","OK","OK","OK","OK","OK","OK","OK","OK","OK","OK","OK"
"53","47.614315+-122.354093",476,465,638,481,778,705,610,640,963,619,1274,1232,1882,1402,1673,1467,1577,1345,1243,1071,1628,895,3141,1099,1385,1712,1249,1512,980,704,819,1004,965,738,621,817,882,1048,689,599,923,982,2720,2457,2298,2700,2757,2711,2407,2554,2585,2361,0,312,1744,789,2466,140,"47.614315+-122.354093",644,585,1373,980,2139,1942,1984,1890,2639,1434,3490,3289,5429,3822,4448,3904,3922,3466,3176,2820,4527,3095,13679,3836,4831,6479,2967,4299,2956,2339,2653,2603,3239,2101,1539,1867,2376,3738,1613,1634,2323,3259,12146,10077,9529,10750,11533,10525,9915,10671,11071,10000,0,1209,5030,2224,10436,518,"47.614315+-122.354093","OK","OK","OK","OK","OK","OK","OK","OK","OK","OK","OK","OK","OK","OK","OK","OK","OK","OK","OK","OK","OK","OK","OK","OK","OK","OK","OK","OK","OK","OK","OK","OK","OK","OK","OK","OK","OK","OK","OK","OK","OK","OK","OK","OK","OK","OK","OK","OK","OK","OK","OK","OK","OK","OK","OK","OK","OK","OK"
"54","47.607702+-122.34165",686,608,792,576,656,583,229,295,662,578,973,1110,1398,1280,1551,1345,1454,1223,1121,949,1506,999,3263,1198,1339,1780,904,1211,679,403,518,1043,1144,1024,880,702,760,1170,850,808,862,1191,2842,2579,2420,2822,2879,2833,2529,2675,2707,2483,291,0,1261,998,2588,116,"47.607702+-122.34165",1799,1428,2253,1632,1723,1526,737,673,1450,1227,2301,2872,3603,3406,4032,3488,3506,3050,2759,2404,4111,3275,13915,4059,4591,6442,1750,3110,1766,1149,1463,2984,3644,3272,2712,1861,1959,3974,2589,2789,2364,4414,12382,10313,9765,10985,11769,10760,10151,10907,11307,10236,1312,0,3205,3379,10672,691,"47.607702+-122.34165","OK","OK","OK","OK","OK","OK","OK","OK","OK","OK","OK","OK","OK","OK","OK","OK","OK","OK","OK","OK","OK","OK","OK","OK","OK","OK","OK","OK","OK","OK","OK","OK","OK","OK","OK","OK","OK","OK","OK","OK","OK","OK","OK","OK","OK","OK","OK","OK","OK","OK","OK","OK","OK","OK","OK","OK","OK","OK"
"55","47.61863956+-122.3207769",769,730,447,635,381,461,675,562,644,450,403,118,137,206,352,169,420,127,64,137,262,633,2058,603,716,834,360,295,676,717,787,381,799,658,514,357,234,804,512,908,419,614,1637,1327,1195,1483,1556,1616,1281,1448,1452,1326,842,688,0,698,1337,814,"47.61863956+-122.3207769",3141,3150,2186,2776,1716,2022,2800,2527,2141,1974,2136,572,398,854,934,590,1055,551,447,853,910,2874,8905,2845,2941,4053,1478,1353,3179,2941,3075,1709,3577,2871,2311,1793,1246,3573,2312,3741,1805,2828,7372,5246,4849,5539,6216,5836,5111,5882,6178,5626,3498,3169,0,3031,5510,3356,"47.61863956+-122.3207769","OK","OK","OK","OK","OK","OK","OK","OK","OK","OK","OK","OK","OK","OK","OK","OK","OK","OK","OK","OK","OK","OK","OK","OK","OK","OK","OK","OK","OK","OK","OK","OK","OK","OK","OK","OK","OK","OK","OK","OK","OK","OK","OK","OK","OK","OK","OK","OK","OK","OK","OK","OK","OK","OK","OK","OK","OK","OK"
"56","47.62087853+-122.3473769",266,370,289,522,648,829,883,770,1121,658,1304,914,1202,1083,1354,1148,1258,1026,924,752,1309,183,2429,387,673,1000,1066,1196,1271,1056,1110,576,253,266,216,439,563,336,166,210,452,270,2009,1745,1586,1988,2045,1999,1695,1842,1874,1649,452,703,1065,0,1755,530,"47.62087853+-122.3473769",562,1125,1252,1570,2119,2572,2871,2598,3296,2045,4395,2680,3411,3213,3839,3295,3313,2858,2567,2212,3918,940,11524,1681,2677,4324,2908,3612,3799,3329,3496,2108,1084,1171,887,1752,1767,1584,729,709,1748,1105,9991,7923,7374,8595,9378,8370,7761,8516,8916,7845,1290,2317,3013,0,8282,1626,"47.62087853+-122.3473769","OK","OK","OK","OK","OK","OK","OK","OK","OK","OK","OK","OK","OK","OK","OK","OK","OK","OK","OK","OK","OK","OK","OK","OK","OK","OK","OK","OK","OK","OK","OK","OK","OK","OK","OK","OK","OK","OK","OK","OK","OK","OK","OK","OK","OK","OK","OK","OK","OK","OK","OK","OK","OK","OK","OK","OK","OK","OK"
"57","47.64995155+-122.3062634",2186,2279,1847,2005,1913,1994,2208,2095,2176,1983,1893,1568,1421,1466,1414,1567,1502,1566,1597,1670,1482,1472,821,1229,1038,630,1893,1784,2121,2250,2320,1454,1611,1466,1671,1684,1767,1293,1735,2067,1615,1407,400,409,324,628,389,528,228,211,221,112,2414,2665,1533,2045,0,2493,"47.64995155+-122.3062634",8926,9486,7699,7829,7063,7368,8147,7874,7487,7321,7410,5606,4999,5163,4650,5581,5137,5818,5793,6200,4966,6374,3699,5590,4632,2524,6825,6627,8526,8288,8422,5533,7229,6413,7090,6369,6592,5940,7262,8782,5971,6326,2166,1430,1311,2399,1327,1665,873,676,941,727,10579,11606,5346,8468,0,10915,"47.64995155+-122.3062634","OK","OK","OK","OK","OK","OK","OK","OK","OK","OK","OK","OK","OK","OK","OK","OK","OK","OK","OK","OK","OK","OK","OK","OK","OK","OK","OK","OK","OK","OK","OK","OK","OK","OK","OK","OK","OK","OK","OK","OK","OK","OK","OK","OK","OK","OK","OK","OK","OK","OK","OK","OK","OK","OK","OK","OK","OK","OK"
"58","47.61137028+-122.3487015",544,466,591,434,841,767,450,480,803,573,1113,1295,1721,1464,1883,1677,1787,1556,1306,1133,1845,793,3056,991,1337,1665,1088,1352,819,543,659,958,1033,871,754,886,945,963,642,667,877,1049,2636,2372,2213,2615,2672,2626,2323,2469,2501,2276,149,151,1584,856,2382,0,"47.61137028+-122.3487015",1108,737,1334,941,2422,2224,1466,1371,2121,1395,2972,3571,4911,4104,5339,4795,4813,4357,3458,3103,5422,2356,12995,3140,4186,5833,2449,3781,2438,1821,2135,2564,3703,2166,1604,2560,2658,3055,1574,2098,2284,3723,11462,9394,8845,10066,10849,9841,9232,9987,10387,9316,621,691,4512,2688,9753,0,"47.61137028+-122.3487015","OK","OK","OK","OK","OK","OK","OK","OK","OK","OK","OK","OK","OK","OK","OK","OK","OK","OK","OK","OK","OK","OK","OK","OK","OK","OK","OK","OK","OK","OK","OK","OK","OK","OK","OK","OK","OK","OK","OK","OK","OK","OK","OK","OK","OK","OK","OK","OK","OK","OK","OK","OK","OK","OK","OK","OK","OK","OK"
