"","Date","Max_Temperature_F","Mean_Temperature_F","Min_TemperatureF","Max_Dew_Point_F","MeanDew_Point_F","Min_Dewpoint_F","Max_Humidity","Mean_Humidity","Min_Humidity","Max_Sea_Level_Pressure_In","Mean_Sea_Level_Pressure_In","Min_Sea_Level_Pressure_In","Max_Visibility_Miles","Mean_Visibility_Miles","Min_Visibility_Miles","Max_Wind_Speed_MPH","Mean_Wind_Speed_MPH","Max_Gust_Speed_MPH","Precipitation_In","Events","onlyDate"
"1",2014-10-13,71,62,54,55,51,46,87,68,46,30.03,29.79,29.65,10,10,4,13,4,"21",0,"Rain, snow or thunderstorm or all",2014-10-13
"2",2014-10-14,63,59,55,52,51,50,88,78,63,29.84,29.75,29.54,10,9,3,10,5,"17",0.11,"Rain, snow or thunderstorm or all",2014-10-14
"3",2014-10-15,62,58,54,53,50,46,87,77,67,29.98,29.71,29.51,10,9,3,18,7,"25",0.45,"Rain, snow or thunderstorm or all",2014-10-15
"4",2014-10-16,71,61,52,49,46,42,83,61,36,30.03,29.95,29.81,10,10,10,9,4,"-",0,"Rain, snow or thunderstorm or all",2014-10-16
"5",2014-10-17,64,60,57,55,51,41,87,72,46,29.83,29.78,29.73,10,10,6,8,3,"-",0.14,"Rain, snow or thunderstorm or all",2014-10-17
"6",2014-10-18,68,64,59,59,57,55,90,83,68,29.96,29.9,29.8,10,8,2,10,4,"-",0.31,"Rain, snow or thunderstorm or all",2014-10-18
"7",2014-10-19,73,64,55,57,55,53,94,74,52,29.8,29.73,29.67,10,10,6,10,3,"18",0,"Clear",2014-10-19
"8",2014-10-20,66,60,55,57,54,50,90,78,67,29.8,29.74,29.69,10,10,5,12,5,"-",0.44,"Rain, snow or thunderstorm or all",2014-10-20
"9",2014-10-21,64,58,55,52,49,46,87,70,58,29.93,29.85,29.74,10,10,6,15,8,"21",0.1,"Rain, snow or thunderstorm or all",2014-10-21
"10",2014-10-22,60,58,57,55,53,48,88,81,67,29.73,29.68,29.56,10,6,2,14,8,"22",1.43,"Rain, snow or thunderstorm or all",2014-10-22
"11",2014-10-23,62,55,50,49,47,44,86,76,62,30.01,29.83,29.71,10,10,10,15,9,"22",0.35,"Rain, snow or thunderstorm or all",2014-10-23
"12",2014-10-24,60,56,51,50,47,44,86,75,60,30.05,29.96,29.74,10,10,8,8,4,"-",0.13,"Rain, snow or thunderstorm or all",2014-10-24
"13",2014-10-25,64,58,52,53,49,44,87,78,58,29.74,29.48,29.26,10,10,6,24,6,"41",0.37,"Rain, snow or thunderstorm or all",2014-10-25
"14",2014-10-26,59,52,48,48,44,42,86,71,62,30.15,29.98,29.76,10,10,10,20,12,"30",0.05,"Rain, snow or thunderstorm or all",2014-10-26
"15",2014-10-27,62,54,45,46,43,41,87,72,48,30.17,30.09,29.98,10,10,10,7,4,"-",0.01,"Rain, snow or thunderstorm or all",2014-10-27
"16",2014-10-28,62,56,51,54,50,45,88,80,72,29.96,29.88,29.84,10,8,2,14,5,"-",0.34,"Rain, snow or thunderstorm or all",2014-10-28
"17",2014-10-29,64,59,54,54,51,50,88,76,60,30.14,30.06,29.94,10,10,9,15,7,"24",0.04,"Rain, snow or thunderstorm or all",2014-10-29
"18",2014-10-30,62,58,55,55,53,50,88,82,75,30.01,29.83,29.74,10,9,2,8,2,"-",0.67,"Rain, snow or thunderstorm or all",2014-10-30
"19",2014-10-31,59,54,52,52,49,46,89,83,67,29.88,29.79,29.69,10,8,2,8,4,"-",0.77,"Rain, snow or thunderstorm or all",2014-10-31
"20",2014-11-01,55,52,48,48,45,42,89,78,62,30.05,29.92,29.84,10,10,7,6,1,"-",0,"Clear",2014-11-01
"21",2014-11-02,57,51,45,52,47,42,90,82,62,30.15,30.1,30.06,10,9,4,9,5,"-",0.11,"Rain, snow or thunderstorm or all",2014-11-02
"22",2014-11-03,60,58,55,53,51,48,84,80,75,30.12,30.08,30.01,10,9,3,13,8,"20",0.24,"Rain, snow or thunderstorm or all",2014-11-03
"23",2014-11-04,61,58,55,54,51,48,90,79,67,30.29,30.14,29.99,10,9,3,10,6,"-",0.05,"Rain, snow or thunderstorm or all",2014-11-04
"24",2014-11-05,61,57,53,55,51,48,90,79,64,30.28,30.15,29.96,10,10,3,7,2,"-",0.27,"Rain, snow or thunderstorm or all",2014-11-05
"25",2014-11-06,64,60,54,55,50,45,90,75,58,30.3,29.99,29.8,10,10,4,20,8,"37",0.22,"Rain, snow or thunderstorm or all",2014-11-06
"26",2014-11-07,59,52,45,45,43,40,86,72,53,30.48,30.41,30.31,10,10,10,7,3,"-",0,"Clear",2014-11-07
"27",2014-11-08,55,48,42,44,42,39,93,78,60,30.38,30.25,30.06,10,8,2,7,1,"-",0,"Clear",2014-11-08
"28",2014-11-09,57,52,48,50,46,43,87,80,72,30.06,29.93,29.82,10,9,3,12,6,"16",0.29,"Rain, snow or thunderstorm or all",2014-11-09
"29",2014-11-10,54,48,43,43,40,34,86,71,54,30.2,30.17,30.07,10,10,10,8,2,"-",0,"Clear",2014-11-10
"30",2014-11-11,48,42,36,39,18,3,80,42,20,30.37,30.28,30.18,10,10,10,15,5,"22",0,"Clear",2014-11-11
"31",2014-11-12,46,39,32,10,4,1,40,24,16,30.37,30.25,30.11,10,10,10,13,8,"22",0,"Clear",2014-11-12
"32",2014-11-13,48,40,30,19,9,2,64,30,18,30.1,30.01,29.97,10,10,10,12,4,"22",0,"Clear",2014-11-13
"33",2014-11-14,48,38,28,26,18,11,69,48,23,30.31,30.15,30.03,10,10,10,8,2,"-",0,"Clear",2014-11-14
"34",2014-11-15,48,38,27,25,18,10,75,51,21,30.54,30.46,30.32,10,10,10,7,1,"-",0,"Clear",2014-11-15
"35",2014-11-16,50,39,28,27,21,15,69,53,25,30.52,30.45,30.37,10,10,10,8,1,"-",0,"Clear",2014-11-16
"36",2014-11-17,52,41,30,29,25,22,75,60,34,30.4,30.31,30.19,10,10,9,8,1,"-",0,"Clear",2014-11-17
"37",2014-11-18,48,39,30,36,31,25,86,75,54,30.18,30.13,30.09,10,8,5,6,1,"-",0,"Clear",2014-11-18
"38",2014-11-19,52,44,36,37,34,30,86,66,48,30.08,29.93,29.83,10,9,5,9,2,"-",0,"Rain, snow or thunderstorm or all",2014-11-19
"39",2014-11-20,54,49,44,46,43,39,87,80,71,29.99,29.96,29.91,10,10,7,8,4,"-",0.11,"Rain, snow or thunderstorm or all",2014-11-20
"40",2014-11-21,55,52,50,48,45,41,87,79,66,29.89,29.58,29.31,10,8,4,18,7,"33",0.67,"Rain, snow or thunderstorm or all",2014-11-21
"41",2014-11-22,51,48,45,43,41,39,86,77,66,30.13,29.88,29.55,10,10,10,13,8,"21",0.03,"Rain, snow or thunderstorm or all",2014-11-22
"42",2014-11-23,57,50,44,47,42,39,82,74,57,30.37,30.18,30.08,10,10,5,20,10,"28",0.42,"Rain, snow or thunderstorm or all",2014-11-23
"43",2014-11-24,55,47,39,50,41,35,89,79,66,30.37,30.23,30.08,10,8,2,13,6,"25",0.01,"Rain, snow or thunderstorm or all",2014-11-24
"44",2014-11-25,60,56,51,54,50,46,89,83,77,30.23,30.17,30.1,10,6,2,17,6,"29",0.33,"Rain, snow or thunderstorm or all",2014-11-25
"45",2014-11-26,61,59,57,53,52,48,81,75,62,30.17,30.04,29.87,10,10,10,20,11,"30",0.01,"Rain, snow or thunderstorm or all",2014-11-26
"46",2014-11-27,62,58,55,51,49,43,81,70,52,29.87,29.81,29.68,10,10,6,18,12,"32",0.04,"Rain, snow or thunderstorm or all",2014-11-27
"47",2014-11-28,57,48,39,51,43,35,87,80,72,29.67,29.54,29.49,10,7,2,15,9,"26",1.39,"Rain, snow or thunderstorm or all",2014-11-28
"48",2014-11-29,42,35,27,36,25,10,83,67,37,30.22,29.84,29.54,10,9,2,17,6,"30",0.06,"Rain, snow or thunderstorm or all",2014-11-29
"49",2014-11-30,39,33,27,23,21,18,78,64,47,30.24,30.19,30.12,10,10,10,8,2,"-",0,"Clear",2014-11-30
"50",2014-12-01,41,34,26,25,21,16,75,62,45,30.24,30.17,30.11,10,10,10,9,1,"-",0,"Clear",2014-12-01
"51",2014-12-02,44,35,26,28,26,21,82,68,49,30.24,30.12,29.93,10,10,9,8,3,"-",0,"Clear",2014-12-02
"52",2014-12-03,48,40,33,31,27,24,70,58,44,29.91,29.82,29.76,10,10,8,6,1,"-",0,"Clear",2014-12-03
"53",2014-12-04,48,44,39,43,37,32,87,74,59,29.95,29.86,29.79,10,9,3,7,2,"-",0.05,"Rain, snow or thunderstorm or all",2014-12-04
"54",2014-12-05,54,50,46,47,44,42,87,82,71,29.97,29.91,29.75,10,9,3,8,2,"-",0.09,"Rain, snow or thunderstorm or all",2014-12-05
"55",2014-12-06,55,52,48,49,46,43,86,82,74,30.24,30.06,29.84,10,9,4,14,7,"21",0.25,"Rain, snow or thunderstorm or all",2014-12-06
"56",2014-12-07,55,49,43,46,43,37,93,80,54,30.24,30.12,29.98,10,8,0,5,0,"-",0,"Fog",2014-12-07
"57",2014-12-08,60,55,50,47,44,40,86,70,51,30.05,29.96,29.85,10,10,6,9,3,"-",0.45,"Rain, snow or thunderstorm or all",2014-12-08
"58",2014-12-09,63,57,51,54,50,46,83,76,65,29.89,29.81,29.7,10,9,5,17,8,"24",0.42,"Rain, snow or thunderstorm or all",2014-12-09
"59",2014-12-10,68,61,54,51,48,42,83,69,43,29.69,29.46,29.25,10,10,5,22,10,"38",0.5,"Rain, snow or thunderstorm or all",2014-12-10
"60",2014-12-11,60,55,50,49,43,39,89,69,49,29.57,29.31,29.14,10,10,6,26,8,"46",0.33,"Rain, snow or thunderstorm or all",2014-12-11
"61",2014-12-12,55,52,48,45,43,42,83,73,64,30.06,29.83,29.56,10,10,10,18,10,"32",0,"Clear",2014-12-12
"62",2014-12-13,52,46,41,43,41,37,90,82,71,30.24,30.2,30.06,10,8,1,8,3,"-",0.01,"Clear",2014-12-13
"63",2014-12-14,57,47,37,39,34,23,93,70,27,30.23,30.12,30,10,7,0,15,2,"23",0,"Fog",2014-12-14
"64",2014-12-15,55,48,42,34,28,25,58,41,34,29.99,29.9,29.83,10,10,10,16,6,"22",0,"Clear",2014-12-15
"65",2014-12-16,52,48,44,40,33,27,68,53,38,29.86,29.84,29.82,10,10,10,8,5,"-",0,"Rain, snow or thunderstorm or all",2014-12-16
"66",2014-12-17,51,48,44,45,41,35,87,77,68,29.93,29.86,29.81,10,9,5,6,1,"-",0.16,"Rain, snow or thunderstorm or all",2014-12-17
"67",2014-12-18,51,48,46,46,43,41,93,83,74,29.95,29.86,29.73,10,8,2,10,4,"18",0.6,"Rain, snow or thunderstorm or all",2014-12-18
"68",2014-12-19,54,50,46,46,41,37,86,70,58,29.96,29.9,29.8,10,10,7,12,8,"17",0.13,"Rain, snow or thunderstorm or all",2014-12-19
"69",2014-12-20,57,52,46,52,46,41,87,83,72,29.85,29.58,29.45,10,7,2,17,7,"31",0.6,"Rain, snow or thunderstorm or all",2014-12-20
"70",2014-12-21,57,55,53,49,46,44,77,72,62,30.11,29.91,29.54,10,10,10,14,7,"25",0,"Clear",2014-12-21
"71",2014-12-22,54,48,42,45,40,37,86,72,55,30.38,30.31,30.13,10,10,10,8,1,"-",0,"Clear",2014-12-22
"72",2014-12-23,53,48,43,52,42,36,96,80,66,30.31,30.17,30.09,10,7,2,14,5,"-",0.61,"Rain, snow or thunderstorm or all",2014-12-23
"73",2014-12-24,46,44,41,39,38,37,89,80,71,30.07,29.98,29.91,10,10,7,8,5,"-",0.12,"Rain, snow or thunderstorm or all",2014-12-24
"74",2014-12-25,48,42,37,39,37,34,87,79,66,30.31,30.2,30.06,10,10,6,7,3,"-",0,"Clear",2014-12-25
"75",2014-12-26,44,42,39,37,36,34,87,80,71,30.4,30.36,30.3,10,9,4,8,4,"-",0,"Clear",2014-12-26
"76",2014-12-27,52,47,42,45,40,36,87,78,69,30.31,30.13,30.03,10,9,5,15,8,"25",0.12,"Rain, snow or thunderstorm or all",2014-12-27
"77",2014-12-28,46,44,41,39,38,35,85,79,71,30.23,30.17,30.09,10,10,8,8,5,"-",0.06,"Rain, snow or thunderstorm or all",2014-12-28
"78",2014-12-29,46,42,35,36,28,21,87,62,40,30.74,30.43,30.18,10,10,10,9,3,"-",0,"Clear",2014-12-29
"79",2014-12-30,39,34,30,24,17,14,73,51,35,30.86,30.81,30.75,10,10,10,6,1,"-",0,"Clear",2014-12-30
"80",2014-12-31,41,34,26,25,22,18,78,60,41,30.73,30.58,30.43,10,10,10,7,2,"-",0,"Clear",2014-12-31
"81",2015-01-01,43,35,27,28,25,21,81,70,49,30.42,30.31,30.22,10,10,6,4,0,"-",0,"Clear",2015-01-01
"82",2015-01-02,44,38,32,39,32,25,86,76,67,30.23,30.16,30.1,10,10,7,12,4,"-",0.03,"Clear",2015-01-02
"83",2015-01-03,43,38,33,38,35,30,93,84,76,30.3,30.26,30.22,10,7,3,7,2,"-",0,"Rain, snow or thunderstorm or all",2015-01-03
"84",2015-01-04,54,48,41,48,41,37,89,84,77,30.27,30.14,29.98,10,8,3,21,7,"32",0.22,"Rain, snow or thunderstorm or all",2015-01-04
"85",2015-01-05,57,56,54,52,50,48,88,81,74,30.29,30.18,30,10,8,2,20,14,"31",0.07,"Rain, snow or thunderstorm or all",2015-01-05
"86",2015-01-06,55,50,46,48,46,43,93,84,74,30.31,30.29,30.26,10,7,0,6,2,"-",0.01,"Fog",2015-01-06
"87",2015-01-07,50,47,44,46,43,41,93,85,74,30.32,30.28,30.25,10,5,1,6,2,"-",0,"Clear",2015-01-07
"88",2015-01-08,48,44,39,41,38,36,89,82,71,30.26,30.17,30.12,10,6,0,8,3,"-",0,"Fog",2015-01-08
"89",2015-01-09,50,44,39,41,39,37,93,86,68,30.13,30.09,30.02,10,4,0,6,2,"-",0.01,"Rain, snow or thunderstorm or all",2015-01-09
"90",2015-01-10,48,46,44,45,44,41,93,88,83,30.07,30.03,30,10,3,1,7,1,"-",0.18,"Rain, snow or thunderstorm or all",2015-01-10
"91",2015-01-11,51,48,46,46,45,42,89,85,80,30.24,30.14,30.07,10,5,0,5,1,"-",0.06,"Rain, snow or thunderstorm or all",2015-01-11
"92",2015-01-12,53,49,45,43,41,39,90,78,64,30.44,30.35,30.25,10,10,4,10,1,"-",0,"Rain, snow or thunderstorm or all",2015-01-12
"93",2015-01-13,48,44,41,41,38,37,87,80,66,30.48,30.43,30.32,10,9,2,10,2,"-",0,"Clear",2015-01-13
"94",2015-01-14,46,42,37,38,34,28,89,77,60,30.31,30.24,30.2,10,7,1,10,3,"-",0,"Clear",2015-01-14
"95",2015-01-15,46,41,36,41,34,27,86,73,63,30.21,30.03,29.79,10,9,3,16,3,"-",0.43,"Rain, snow or thunderstorm or all",2015-01-15
"96",2015-01-16,55,50,44,45,40,36,87,71,57,30.24,30.08,29.82,10,10,10,13,8,"22",0,"Clear",2015-01-16
"97",2015-01-17,55,46,39,52,41,35,90,84,73,30.16,29.89,29.6,10,6,3,17,1,"23",0.76,"Rain, snow or thunderstorm or all",2015-01-17
"98",2015-01-18,60,54,48,51,44,42,82,73,67,30.27,30.04,29.64,10,9,3,22,14,"36",0.23,"Rain, snow or thunderstorm or all",2015-01-18
"99",2015-01-19,52,49,46,43,42,40,83,76,66,30.46,30.39,30.27,10,10,7,10,5,"-",0.03,"Rain, snow or thunderstorm or all",2015-01-19
"100",2015-01-20,51,46,39,39,38,34,87,76,59,30.46,30.41,30.35,10,10,9,9,1,"-",0,"Clear",2015-01-20
"101",2015-01-21,48,40,33,39,35,29,93,81,66,30.35,30.29,30.23,10,6,0,5,1,"-",0,"Fog",2015-01-21
"102",2015-01-22,52,48,45,46,43,38,87,81,76,30.4,30.33,30.27,10,9,5,8,1,"-",0.03,"Rain, snow or thunderstorm or all",2015-01-22
"103",2015-01-23,57,54,50,52,49,45,89,84,76,30.4,30.32,30.26,10,8,2,13,6,"21",0.08,"Rain, snow or thunderstorm or all",2015-01-23
"104",2015-01-24,62,58,55,55,52,51,87,82,75,30.32,30.26,30.21,10,10,10,10,7,"20",0.02,"Clear",2015-01-24
"105",2015-01-25,64,57,50,53,49,45,86,77,54,30.22,30.11,29.97,10,10,6,8,3,"-",0.01,"Clear",2015-01-25
"106",2015-01-26,64,55,46,47,46,42,93,77,52,29.99,29.95,29.91,10,7,0,13,4,"-",0,"Fog",2015-01-26
"107",2015-01-27,55,52,50,49,47,45,88,83,80,30.29,30.1,29.98,10,6,2,10,6,"-",0.02,"Rain, snow or thunderstorm or all",2015-01-27
"108",2015-01-28,55,50,46,45,42,40,87,76,64,30.4,30.36,30.3,10,10,7,6,2,"-",0,"Clear",2015-01-28
"109",2015-01-29,55,48,42,40,38,36,85,71,57,30.37,30.34,30.3,10,10,10,8,1,"-",0,"Clear",2015-01-29
"110",2015-01-30,48,44,39,40,38,35,96,85,71,30.34,30.3,30.25,10,3,0,8,1,"-",0,"Fog",2015-01-30
"111",2015-01-31,46,42,39,40,39,37,89,83,76,30.27,30.22,30.11,10,4,0,6,1,"-",0,"Fog",2015-01-31
"112",2015-02-01,51,48,44,45,42,39,87,82,76,30.11,30.06,30.03,10,7,2,10,5,"17",0.04,"Rain, snow or thunderstorm or all",2015-02-01
"113",2015-02-02,55,50,44,48,43,40,87,79,66,30.08,29.94,29.85,10,7,1,20,5,"34",0.3,"Rain, snow or thunderstorm or all",2015-02-02
"114",2015-02-03,52,48,44,46,44,42,93,83,74,30.12,30.08,30.02,10,8,0,10,5,"-",0.03,"Rain, snow or thunderstorm or all",2015-02-03
"115",2015-02-04,52,47,42,46,43,39,93,84,74,30.09,29.95,29.74,10,6,0,7,2,"-",0.3,"Rain, snow or thunderstorm or all",2015-02-04
"116",2015-02-05,59,54,48,53,49,44,86,83,78,29.7,29.54,29.39,10,8,3,13,7,"20",0.87,"Rain, snow or thunderstorm or all",2015-02-05
"117",2015-02-06,60,56,53,53,50,44,87,78,62,29.47,29.4,29.33,10,8,3,16,10,"23",0.75,"Rain, snow or thunderstorm or all",2015-02-06
"118",2015-02-07,57,54,51,51,48,45,89,81,69,29.86,29.56,29.35,10,8,4,17,6,"32",0.82,"Rain, snow or thunderstorm or all",2015-02-07
"119",2015-02-08,60,54,48,48,45,43,87,72,53,29.96,29.82,29.63,10,10,7,10,5,"-",0.15,"Rain, snow or thunderstorm or all",2015-02-08
"120",2015-02-09,57,52,48,50,48,45,89,80,67,30.01,29.78,29.58,10,9,4,10,4,"17",0.15,"Rain, snow or thunderstorm or all",2015-02-09
"121",2015-02-10,57,52,48,50,46,43,83,73,62,30.31,30.23,30.04,10,10,6,17,9,"22",0.02,"Rain, snow or thunderstorm or all",2015-02-10
"122",2015-02-11,57,51,45,48,45,41,87,78,64,30.25,30.2,30.16,10,10,6,5,1,"-",0,"Clear",2015-02-11
"123",2015-02-12,72,62,51,49,47,43,89,70,44,30.27,30.24,30.19,10,10,9,9,4,"-",0.02,"Rain, snow or thunderstorm or all",2015-02-12
"124",2015-02-13,61,54,46,50,47,45,99,80,60,30.26,30.18,30.09,10,10,7,6,1,"-",0,"Rain, snow or thunderstorm or all",2015-02-13
"125",2015-02-14,60,54,48,50,46,38,90,75,62,30.45,30.36,30.24,10,10,7,8,2,"-",0.05,"Rain, snow or thunderstorm or all",2015-02-14
"126",2015-02-15,55,48,42,42,40,36,82,72,60,30.48,30.4,30.32,10,10,10,10,3,"-",0,"Clear",2015-02-15
"127",2015-02-16,61,53,45,41,37,31,83,63,32,30.34,30.3,30.24,10,10,9,9,4,"-",0,"Clear",2015-02-16
"128",2015-02-17,60,52,44,37,35,34,74,57,38,30.24,30.17,30.1,10,10,10,8,1,"-",0,"Clear",2015-02-17
"129",2015-02-18,57,48,39,43,39,34,79,67,55,30.27,30.22,30.14,10,10,10,12,5,"-",0,"Clear",2015-02-18
"130",2015-02-19,54,51,48,48,46,42,87,79,74,30.29,30.26,30.22,10,9,5,6,2,"-",0.03,"Rain, snow or thunderstorm or all",2015-02-19
"131",2015-02-20,54,52,50,46,45,41,86,77,66,30.3,30.28,30.26,10,8,3,6,0,"-",0.02,"Rain, snow or thunderstorm or all",2015-02-20
"132",2015-02-21,55,50,44,41,38,34,82,67,47,30.45,30.33,30.27,10,10,10,10,3,"20",0,"Clear",2015-02-21
"133",2015-02-22,54,45,36,38,31,24,93,62,31,30.48,30.43,30.38,10,10,10,6,1,"-",0,"Clear",2015-02-22
"134",2015-02-23,55,44,33,33,30,26,82,57,33,30.44,30.41,30.38,10,10,10,6,1,"-",0,"Clear",2015-02-23
"135",2015-02-24,54,45,36,38,33,29,79,62,43,30.42,30.38,30.34,10,10,10,7,3,"-",0,"Clear",2015-02-24
"136",2015-02-25,52,49,46,47,43,37,89,79,68,30.44,30.36,30.26,10,8,2,8,3,"-",0.07,"Rain, snow or thunderstorm or all",2015-02-25
"137",2015-02-26,54,51,48,47,45,44,87,81,72,30.26,30.1,29.81,10,8,5,7,2,"-",0.22,"Rain, snow or thunderstorm or all",2015-02-26
"138",2015-02-27,54,51,48,46,43,37,90,75,57,29.95,29.79,29.72,10,9,4,9,4,"-",0.73,"Rain, snow or thunderstorm or all",2015-02-27
"139",2015-02-28,55,47,37,34,28,19,73,47,24,30.24,30.16,29.97,10,10,10,12,5,"18",0,"Clear",2015-02-28
"140",2015-03-01,54,44,35,35,30,26,79,56,34,30.26,30.13,29.98,10,10,10,7,3,"-",0,"Clear",2015-03-01
"141",2015-03-02,54,49,39,36,34,28,73,58,38,30.16,30.05,29.99,10,10,10,12,6,"23",0,"Clear",2015-03-02
"142",2015-03-03,52,42,32,32,24,10,82,53,19,30.27,30.23,30.18,10,10,10,9,3,"-",0,"Clear",2015-03-03
"143",2015-03-04,55,44,32,29,24,19,75,49,25,30.32,30.29,30.26,10,10,10,10,2,"-",0,"Clear",2015-03-04
"144",2015-03-05,59,48,37,39,32,26,73,55,28,30.4,30.36,30.31,10,10,10,6,3,"-",0,"Clear",2015-03-05
"145",2015-03-06,59,49,39,41,37,34,80,63,41,30.45,30.39,30.35,10,10,9,6,1,"-",0,"Clear",2015-03-06
"146",2015-03-07,62,50,37,42,39,33,87,66,42,30.37,30.31,30.24,10,10,9,8,2,"-",0,"Rain, snow or thunderstorm or all",2015-03-07
"147",2015-03-08,63,50,37,43,40,34,89,67,43,30.26,30.19,30.11,10,10,9,9,1,"-",0,"Clear",2015-03-08
"148",2015-03-09,57,49,41,44,41,36,86,73,59,30.14,30.1,30.06,10,10,8,12,3,"-",0,"Clear",2015-03-09
"149",2015-03-10,60,50,44,48,42,38,93,76,55,30.04,29.93,29.78,10,5,0,9,4,"17",0,"Rain, snow or thunderstorm or all",2015-03-10
"150",2015-03-11,62,56,51,50,48,46,86,75,60,30.16,29.98,29.87,10,10,8,9,6,"-",0.09,"Rain, snow or thunderstorm or all",2015-03-11
"151",2015-03-12,66,60,53,49,47,42,82,66,43,30.43,30.33,30.19,10,10,10,12,8,"18",0,"Clear",2015-03-12
"152",2015-03-13,66,59,52,49,45,42,74,63,42,30.32,30.1,29.94,10,10,7,12,2,"-",0.04,"Rain, snow or thunderstorm or all",2015-03-13
"153",2015-03-14,61,58,54,54,49,43,88,76,64,29.99,29.9,29.77,10,8,4,15,7,"28",0.54,"Rain, snow or thunderstorm or all",2015-03-14
"154",2015-03-15,54,50,46,47,44,41,87,84,72,30.12,29.8,29.62,10,5,1,9,4,"-",2.2,"Rain, snow or thunderstorm or all",2015-03-15
"155",2015-03-16,57,52,46,43,42,40,86,71,53,30.27,30.19,30.09,10,10,10,12,4,"16",0,"Clear",2015-03-16
"156",2015-03-17,60,51,43,46,42,38,85,73,53,30.22,30.1,30.05,10,10,6,12,3,"18",0.03,"Rain, snow or thunderstorm or all",2015-03-17
"157",2015-03-18,63,54,46,44,42,39,83,64,44,30.31,30.26,30.21,10,10,10,7,4,"-",0,"Clear",2015-03-18
"158",2015-03-19,63,56,48,49,43,41,80,63,46,30.2,30.1,30.02,10,10,10,8,4,"-",0.01,"Rain, snow or thunderstorm or all",2015-03-19
"159",2015-03-20,60,56,51,48,47,44,86,74,57,30,29.93,29.88,10,10,5,6,2,"-",0.12,"Rain, snow or thunderstorm or all",2015-03-20
"160",2015-03-21,59,55,50,48,44,37,80,67,51,30.11,30.04,29.89,10,10,7,17,9,"36",0.13,"Rain, snow or thunderstorm or all",2015-03-21
"161",2015-03-22,55,49,43,47,43,39,86,76,64,30.09,29.99,29.95,10,9,2,9,2,"-",0.07,"Rain, snow or thunderstorm or all",2015-03-22
"162",2015-03-23,54,48,42,45,41,39,93,81,66,29.99,29.95,29.91,10,7,0,13,4,"22",0.2,"Rain, snow or thunderstorm or all",2015-03-23
"163",2015-03-24,59,52,46,43,41,39,86,72,53,30.26,30.12,29.9,10,9,5,15,4,"17",0.27,"Rain, snow or thunderstorm or all",2015-03-24
"164",2015-03-25,61,54,48,54,48,42,88,78,69,30.3,30.24,30.2,10,9,5,14,7,"25",0.15,"Rain, snow or thunderstorm or all",2015-03-25
"165",2015-03-26,72,62,52,52,49,45,86,67,39,30.3,30.23,30.13,10,10,10,10,5,"-",0,"Clear",2015-03-26
"166",2015-03-27,69,59,50,52,48,46,86,70,50,30.12,30.02,29.95,10,10,9,15,4,"24",0.01,"Rain, snow or thunderstorm or all",2015-03-27
"167",2015-03-28,64,58,52,46,43,39,77,63,46,30.35,30.23,30.05,10,10,10,16,13,"26",0,"Clear",2015-03-28
"168",2015-03-29,63,57,51,49,44,41,80,63,50,30.33,30.23,30.15,10,10,10,12,7,"18",0,"Clear",2015-03-29
"169",2015-03-30,66,60,55,49,47,44,77,64,45,30.14,30,29.84,10,10,8,10,7,"16",0.02,"Rain, snow or thunderstorm or all",2015-03-30
"170",2015-03-31,57,50,46,48,41,38,86,72,55,30.21,30.06,29.84,10,9,3,15,7,"22",0.31,"Rain, snow or thunderstorm or all",2015-03-31
"171",2015-04-01,57,50,44,44,40,36,93,73,49,30.34,30.27,30.22,10,10,10,14,5,"-",0.05,"Rain, snow or thunderstorm or all",2015-04-01
"172",2015-04-02,59,50,43,42,38,33,90,66,39,30.43,30.37,30.32,10,10,6,7,3,"-",0,"Rain, snow or thunderstorm or all",2015-04-02
"173",2015-04-03,55,49,44,43,39,37,76,68,53,30.31,30.2,30.15,10,9,5,16,7,"23",0.05,"Rain, snow or thunderstorm or all",2015-04-03
"174",2015-04-04,57,48,39,37,34,25,83,58,31,30.16,30.08,29.93,10,10,10,9,4,"-",0,"Clear",2015-04-04
"175",2015-04-05,63,50,39,39,34,28,79,56,28,29.92,29.76,29.64,10,10,10,8,2,"-",0,"Clear",2015-04-05
"176",2015-04-06,60,52,46,40,37,31,74,58,35,29.86,29.81,29.72,10,10,10,12,6,"-",0,"Rain, snow or thunderstorm or all",2015-04-06
"177",2015-04-07,59,54,48,44,40,38,71,63,47,29.93,29.86,29.82,10,10,10,14,4,"-",0.01,"Rain, snow or thunderstorm or all",2015-04-07
"178",2015-04-08,64,54,46,44,40,37,77,62,39,30.15,30.07,29.94,10,10,10,10,3,"-",0,"Clear",2015-04-08
"179",2015-04-09,66,54,45,44,40,36,80,61,34,30.16,30.08,29.96,10,10,10,14,5,"20",0,"Clear",2015-04-09
"180",2015-04-10,60,54,48,46,42,37,82,68,45,29.96,29.87,29.78,10,9,4,15,6,"25",0.52,"Rain, snow or thunderstorm or all",2015-04-10
"181",2015-04-11,55,50,44,45,38,33,82,65,51,30.13,29.95,29.78,10,10,7,15,8,"25",0.02,"Rain, snow or thunderstorm or all",2015-04-11
"182",2015-04-12,59,52,46,39,36,32,71,57,41,30.23,30.17,30.04,10,10,10,10,6,"17",0,"Clear",2015-04-12
"183",2015-04-13,54,48,42,50,42,38,100,80,57,30.04,29.95,29.88,10,8,3,13,4,"-",0.46,"Rain, snow or thunderstorm or all",2015-04-13
"184",2015-04-14,55,47,39,43,39,34,100,78,44,30.46,30.25,30.05,10,10,8,13,8,"-",0.05,"Rain, snow or thunderstorm or all",2015-04-14
"185",2015-04-15,59,49,39,38,34,26,83,57,28,30.57,30.51,30.46,10,10,10,7,4,"-",0,"Rain, snow or thunderstorm or all",2015-04-15
"186",2015-04-16,64,52,41,41,37,35,79,56,37,30.47,30.34,30.22,10,10,10,10,2,"18",0,"Rain, snow or thunderstorm or all",2015-04-16
"187",2015-04-17,68,56,46,46,42,33,77,57,28,30.32,30.25,30.22,10,10,10,12,3,"21",0,"Clear",2015-04-17
"188",2015-04-18,68,57,48,45,41,33,77,55,28,30.38,30.31,30.24,10,10,10,9,2,"-",0,"Rain, snow or thunderstorm or all",2015-04-18
"189",2015-04-19,69,58,46,45,43,39,81,56,37,30.24,30.13,29.98,10,10,10,10,2,"17",0,"Clear",2015-04-19
"190",2015-04-20,73,60,48,46,42,34,77,50,25,29.98,29.91,29.83,10,10,10,10,2,"-",0,"Rain, snow or thunderstorm or all",2015-04-20
"191",2015-04-21,64,56,46,48,44,40,82,68,52,30.13,29.98,29.87,10,9,5,12,3,"-",0.16,"Rain, snow or thunderstorm or all",2015-04-21
"192",2015-04-22,62,52,43,40,37,24,86,62,24,30.2,30.14,30.06,10,10,10,9,5,"17",0,"Clear",2015-04-22
"193",2015-04-23,55,50,46,44,38,34,80,64,50,30.05,29.89,29.78,10,9,5,14,7,"20",0.1,"Rain, snow or thunderstorm or all",2015-04-23
"194",2015-04-24,57,52,46,42,40,39,79,70,55,29.89,29.82,29.77,10,9,2,17,10,"24",0.15,"Rain, snow or thunderstorm or all",2015-04-24
"195",2015-04-25,57,52,46,41,38,34,79,62,44,30.1,29.98,29.9,10,10,10,9,2,"-",0.01,"Clear",2015-04-25
"196",2015-04-26,61,52,42,47,39,36,80,62,46,30.26,30.2,30.11,10,10,10,9,5,"-",0,"Clear",2015-04-26
"197",2015-04-27,78,66,53,52,50,48,88,66,37,30.27,30.14,29.9,10,10,8,10,6,"-",0,"Rain, snow or thunderstorm or all",2015-04-27
"198",2015-04-28,63,56,51,52,48,44,83,73,60,30.18,30.09,29.91,10,9,3,14,6,"20",0.11,"Rain, snow or thunderstorm or all",2015-04-28
"199",2015-04-29,64,56,48,46,42,37,82,64,42,30.29,30.24,30.18,10,10,10,12,6,"28",0.01,"Clear",2015-04-29
"200",2015-04-30,64,57,50,44,41,35,74,57,35,30.33,30.25,30.14,10,10,10,9,5,"-",0,"Clear",2015-04-30
"201",2015-05-01,64,59,54,46,44,40,72,58,45,30.13,30.06,30,10,10,10,9,4,"-",0,"Clear",2015-05-01
"202",2015-05-02,66,58,51,42,38,31,71,51,27,30.1,30.05,29.99,10,10,10,10,4,"17",0,"Clear",2015-05-02
"203",2015-05-03,69,57,45,42,37,29,80,49,22,30.02,29.96,29.88,10,10,10,9,3,"-",0,"Clear",2015-05-03
"204",2015-05-04,64,55,46,44,41,39,77,59,41,29.99,29.93,29.88,10,10,10,14,6,"28",0,"Clear",2015-05-04
"205",2015-05-05,62,54,48,46,42,39,82,68,47,30.12,30.05,29.99,10,9,7,14,8,"24",0.18,"Rain, snow or thunderstorm or all",2015-05-05
"206",2015-05-06,64,56,48,44,40,34,83,62,33,30.15,30.12,30.09,10,10,10,12,3,"20",0,"Clear",2015-05-06
"207",2015-05-07,70,58,46,43,39,34,80,52,27,30.17,30.11,30.03,10,10,10,10,3,"20",0,"Clear",2015-05-07
"208",2015-05-08,75,62,48,46,40,28,77,47,20,30.07,30.02,29.96,10,10,10,10,2,"16",0,"Clear",2015-05-08
"209",2015-05-09,80,66,51,46,39,32,74,42,19,30.1,30.06,30.01,10,10,10,6,2,"-",0,"Clear",2015-05-09
"210",2015-05-10,69,62,55,50,47,39,72,59,43,30.08,30.04,30.01,10,10,10,8,3,"-",0,"Clear",2015-05-10
"211",2015-05-11,59,56,53,50,47,45,82,71,64,30.05,29.99,29.89,10,10,5,9,5,"-",0,"Rain, snow or thunderstorm or all",2015-05-11
"212",2015-05-12,62,58,55,52,49,47,88,75,60,29.87,29.85,29.83,10,10,6,13,4,"17",0.11,"Rain, snow or thunderstorm or all",2015-05-12
"213",2015-05-13,57,54,53,50,48,46,86,78,69,29.94,29.89,29.85,10,9,6,10,7,"-",0.14,"Rain, snow or thunderstorm or all",2015-05-13
"214",2015-05-14,66,60,53,49,47,45,86,72,47,29.93,29.9,29.83,10,9,6,7,1,"-",0,"Clear",2015-05-14
"215",2015-05-15,69,60,53,51,48,45,83,69,45,29.95,29.88,29.85,10,10,6,10,2,"-",0.01,"Clear",2015-05-15
"216",2015-05-16,62,58,55,49,48,46,72,67,60,30.05,29.99,29.95,10,10,10,9,6,"-",0,"Clear",2015-05-16
"217",2015-05-17,69,62,55,50,48,46,74,64,49,30.08,30.06,30.04,10,10,10,8,2,"-",0,"Clear",2015-05-17
"218",2015-05-18,78,66,55,52,49,47,75,56,34,30.08,30.05,29.99,10,10,10,9,3,"-",0,"Clear",2015-05-18
"219",2015-05-19,75,65,57,54,52,50,82,67,46,30.12,30.07,29.99,10,10,10,7,2,"-",0,"Clear",2015-05-19
"220",2015-05-20,73,64,54,54,51,49,86,68,45,30.04,29.96,29.85,10,9,3,7,4,"-",0,"Clear",2015-05-20
"221",2015-05-21,81,68,57,56,52,50,75,57,40,29.88,29.85,29.81,10,10,10,7,2,"-",0,"Clear",2015-05-21
"222",2015-05-22,64,60,57,51,50,48,77,70,63,30.09,29.99,29.9,10,10,10,9,6,"-",0,"Clear",2015-05-22
"223",2015-05-23,64,59,55,51,49,48,77,70,62,30.19,30.16,30.09,10,10,10,8,5,"-",0,"Rain, snow or thunderstorm or all",2015-05-23
"224",2015-05-24,66,60,55,51,49,48,77,67,58,30.18,30.1,30.01,10,10,10,8,5,"-",0,"Clear",2015-05-24
"225",2015-05-25,62,58,55,50,48,47,77,68,62,30.03,30.02,30,10,10,10,9,6,"-",0,"Clear",2015-05-25
"226",2015-05-26,72,64,57,52,50,47,75,61,42,30.06,30.03,30.01,10,10,10,9,4,"-",0,"Clear",2015-05-26
"227",2015-05-27,78,67,57,54,52,51,82,60,42,30.08,30.04,30,10,10,10,7,2,"-",0,"Clear",2015-05-27
"228",2015-05-28,82,70,57,54,52,50,78,55,34,30.09,30.03,29.98,10,10,10,9,2,"-",0,"Clear",2015-05-28
"229",2015-05-29,82,71,61,57,53,49,75,56,38,30,29.95,29.88,10,10,10,10,2,"-",0,"Clear",2015-05-29
"230",2015-05-30,75,63,53,49,47,45,77,59,37,29.99,29.94,29.88,10,10,10,10,5,"-",0,"Clear",2015-05-30
"231",2015-05-31,75,65,57,52,49,46,77,59,40,29.94,29.85,29.77,10,10,10,10,4,"16",0,"Clear",2015-05-31
"232",2015-06-01,64,60,57,53,50,47,83,71,56,29.95,29.9,29.79,10,10,5,14,5,"17",0.09,"Rain, snow or thunderstorm or all",2015-06-01
"233",2015-06-02,66,60,57,52,50,48,81,68,56,30.07,30.02,29.95,10,10,10,12,8,"20",0,"Clear",2015-06-02
"234",2015-06-03,69,62,57,50,48,46,74,62,47,30.08,30.06,30.03,10,10,10,9,5,"-",0,"Clear",2015-06-03
"235",2015-06-04,73,65,57,49,46,44,64,53,39,30.14,30.11,30.08,10,10,10,12,3,"18",0,"Clear",2015-06-04
"236",2015-06-05,80,68,57,51,48,44,70,48,30,30.14,30.08,30.01,10,10,10,12,3,"20",0,"Clear",2015-06-05
"237",2015-06-06,84,72,59,53,50,46,65,46,29,30.06,30.01,29.96,10,10,10,10,3,"17",0,"Clear",2015-06-06
"238",2015-06-07,88,74,61,52,50,45,70,43,23,30.04,30.01,29.97,10,10,10,12,4,"-",0,"Clear",2015-06-07
"239",2015-06-08,86,73,60,54,48,31,75,44,17,30.02,29.97,29.91,10,10,10,10,3,"18",0,"Clear",2015-06-08
"240",2015-06-09,86,72,61,49,43,30,60,36,17,29.98,29.92,29.85,10,10,10,9,3,"-",0,"Clear",2015-06-09
"241",2015-06-10,81,68,55,51,48,46,75,51,30,30.02,29.96,29.91,10,10,10,8,5,"-",0,"Clear",2015-06-10
"242",2015-06-11,79,66,55,50,48,45,75,55,34,30.15,30.1,30.03,10,10,10,9,5,"20",0,"Clear",2015-06-11
"243",2015-06-12,70,64,57,46,44,39,67,52,35,30.2,30.16,30.11,10,10,10,8,5,"-",0,"Clear",2015-06-12
"244",2015-06-13,75,64,52,48,44,37,77,49,24,30.13,30.07,30,10,10,10,8,3,"-",0,"Clear",2015-06-13
"245",2015-06-14,81,69,57,48,45,41,72,44,25,30.05,29.98,29.9,10,10,10,10,3,"17",0,"Clear",2015-06-14
"246",2015-06-15,86,72,61,48,45,39,60,38,20,29.96,29.92,29.86,10,10,10,10,3,"-",0,"Clear",2015-06-15
"247",2015-06-16,73,64,55,49,46,39,75,55,29,30.13,30.08,29.98,10,10,10,10,5,"-",0,"Clear",2015-06-16
"248",2015-06-17,78,67,57,49,45,35,70,49,23,30.11,30.06,29.99,10,10,10,8,3,"-",0,"Clear",2015-06-17
"249",2015-06-18,80,70,62,52,46,42,70,46,28,30.05,29.99,29.95,10,10,10,9,3,"-",0,"Clear",2015-06-18
"250",2015-06-19,75,66,59,55,51,45,81,61,38,30.14,30.11,30.06,10,9,4,10,4,"-",0.07,"Rain, snow or thunderstorm or all",2015-06-19
"251",2015-06-20,77,66,57,47,43,36,62,44,23,30.14,30.06,29.96,10,10,10,10,4,"17",0,"Clear",2015-06-20
"252",2015-06-21,81,70,60,49,45,38,64,44,22,30.01,29.93,29.91,10,10,10,9,4,"-",0,"Clear",2015-06-21
"253",2015-06-22,78,67,57,50,48,45,77,53,33,30.12,30.08,30.03,10,10,10,12,5,"-",0,"Clear",2015-06-22
"254",2015-06-23,81,68,55,50,45,33,72,47,19,30.17,30.11,30.03,10,10,10,9,2,"-",0,"Clear",2015-06-23
"255",2015-06-24,79,72,66,54,51,47,59,47,33,30.1,30.07,30.04,10,10,10,8,2,"-",0,"Clear",2015-06-24
"256",2015-06-25,88,76,64,57,52,45,73,47,25,30.15,30.11,30.07,10,10,10,9,2,"20",0,"Clear",2015-06-25
"257",2015-06-26,88,76,66,58,57,55,73,51,35,30.11,30.04,29.94,10,10,10,10,5,"21",0,"Clear",2015-06-26
"258",2015-06-27,91,78,66,56,54,48,68,44,27,30,29.94,29.89,10,10,10,12,3,"21",0,"Clear",2015-06-27
"259",2015-06-28,82,76,70,59,56,49,61,49,34,30.01,29.94,29.91,10,10,10,8,2,"-",0,"Rain, snow or thunderstorm or all",2015-06-28
"260",2015-06-29,88,78,69,61,59,57,75,54,37,30.05,29.97,29.91,10,10,9,10,4,"-",0.01,"Rain, snow or thunderstorm or all",2015-06-29
"261",2015-06-30,88,75,62,59,56,48,82,59,30,30.12,30.07,30,10,10,10,7,4,"-",0,"Clear",2015-06-30
"262",2015-07-01,89,76,64,56,54,50,68,46,31,30.06,30,29.93,10,10,10,12,4,"20",0,"Clear",2015-07-01
"263",2015-07-02,91,80,68,54,53,50,61,40,26,30.02,29.97,29.91,10,10,10,10,3,"16",0,"Clear",2015-07-02
"264",2015-07-03,93,80,68,55,53,49,59,40,23,29.96,29.9,29.82,10,10,9,9,4,"-",0,"Clear",2015-07-03
"265",2015-07-04,91,77,63,55,48,36,70,39,15,29.89,29.83,29.76,10,10,10,10,3,"-",0,"Clear",2015-07-04
"266",2015-07-05,91,78,66,54,49,43,61,37,21,29.88,29.82,29.79,10,10,7,10,3,"-",0,"Clear",2015-07-05
"267",2015-07-06,88,74,63,55,53,48,70,49,27,30.01,29.97,29.91,10,10,10,9,5,"-",0,"Clear",2015-07-06
"268",2015-07-07,81,70,61,55,53,52,72,58,39,30.07,29.99,29.88,10,10,10,8,6,"-",0,"Clear",2015-07-07
"269",2015-07-08,86,74,63,56,54,51,72,53,30,29.92,29.83,29.71,10,8,5,8,3,"-",0,"Clear",2015-07-08
"270",2015-07-09,86,73,62,59,57,54,78,60,40,29.78,29.74,29.66,10,10,7,9,3,"-",0,"Clear",2015-07-09
"271",2015-07-10,73,68,64,56,54,53,73,62,49,29.88,29.85,29.78,10,10,10,13,8,"18",0,"Clear",2015-07-10
"272",2015-07-11,73,68,64,56,54,52,70,60,48,29.98,29.92,29.87,10,10,10,9,6,"-",0,"Clear",2015-07-11
"273",2015-07-12,82,72,64,57,54,50,75,57,34,30.03,30,29.97,10,10,10,10,6,"17",0,"Clear",2015-07-12
"274",2015-07-13,79,72,66,57,55,51,70,58,42,30.09,30.05,30.01,10,10,10,13,4,"-",0,"Clear",2015-07-13
"275",2015-07-14,82,72,64,51,49,45,60,46,29,30.08,30.03,29.96,10,10,10,9,4,"16",0,"Clear",2015-07-14
"276",2015-07-15,81,72,63,53,51,49,61,50,35,30.09,30.05,30.01,10,10,10,10,2,"-",0,"Clear",2015-07-15
"277",2015-07-16,81,72,64,54,50,46,65,49,31,30.15,30.12,30.09,10,10,10,9,4,"-",0,"Clear",2015-07-16
"278",2015-07-17,82,71,60,52,48,42,70,46,24,30.14,30.07,29.99,10,10,10,12,3,"18",0,"Clear",2015-07-17
"279",2015-07-18,91,78,66,54,49,41,59,38,17,30.03,29.97,29.9,10,10,10,12,3,"17",0,"Clear",2015-07-18
"280",2015-07-19,98,83,69,57,52,48,65,39,19,30,29.96,29.92,10,10,10,13,3,"20",0,"Clear",2015-07-19
"281",2015-07-20,82,74,66,58,54,53,75,57,38,30.07,30.02,29.97,10,10,10,13,8,"21",0,"Clear",2015-07-20
"282",2015-07-21,75,68,62,56,52,49,78,58,38,30.01,29.97,29.9,10,10,4,9,3,"-",0.13,"Rain, snow or thunderstorm or all",2015-07-21
"283",2015-07-22,77,68,61,52,50,48,70,55,37,29.96,29.92,29.86,10,10,10,10,4,"-",0,"Clear",2015-07-22
"284",2015-07-23,81,71,62,51,50,48,65,51,32,30.02,29.97,29.91,10,10,10,7,2,"-",0,"Clear",2015-07-23
"285",2015-07-24,77,67,59,59,53,50,76,60,44,30.1,30.06,30.02,10,10,7,13,6,"24",0.01,"Rain, snow or thunderstorm or all",2015-07-24
"286",2015-07-25,70,66,62,61,54,49,88,67,52,30.08,30.05,30.02,10,10,5,12,4,"16",0.02,"Rain, snow or thunderstorm or all",2015-07-25
"287",2015-07-26,73,66,60,56,52,49,80,66,45,30.1,30.07,30.04,10,10,4,8,2,"-",0.1,"Rain, snow or thunderstorm or all",2015-07-26
"288",2015-07-27,77,65,55,54,51,45,84,61,34,30.23,30.18,30.11,10,10,6,7,2,"-",0.01,"Clear",2015-07-27
"289",2015-07-28,82,72,61,53,51,47,72,52,29,30.29,30.23,30.17,10,10,10,9,3,"-",0,"Clear",2015-07-28
"290",2015-07-29,89,75,62,55,51,48,75,46,26,30.2,30.14,30.07,10,10,9,10,3,"18",0,"Clear",2015-07-29
"291",2015-07-30,91,78,66,54,50,44,63,38,21,30.11,30.06,30,10,10,10,9,3,"16",0,"Clear",2015-07-30
"292",2015-07-31,93,80,68,52,46,38,55,33,15,30.09,30.03,29.96,10,10,10,9,3,"-",0,"Clear",2015-07-31
"293",2015-08-01,91,77,64,51,47,42,56,35,19,30.02,29.96,29.89,10,10,4,12,3,"-",0,"Clear",2015-08-01
"294",2015-08-02,90,77,64,55,52,47,67,45,23,29.95,29.91,29.86,10,10,10,8,2,"-",0,"Clear",2015-08-02
"295",2015-08-03,84,76,68,55,53,51,61,48,37,29.95,29.9,29.87,10,10,9,12,2,"-",0,"Clear",2015-08-03
"296",2015-08-04,81,70,61,56,52,48,78,57,34,30.02,29.99,29.94,10,10,10,10,5,"-",0,"Clear",2015-08-04
"297",2015-08-05,75,65,57,53,51,50,75,61,44,30.1,30.07,30.02,10,10,10,8,3,"18",0,"Clear",2015-08-05
"298",2015-08-06,79,70,62,52,50,47,70,52,34,30.14,30.09,30.02,10,10,10,8,4,"-",0,"Clear",2015-08-06
"299",2015-08-07,84,72,62,57,52,47,70,52,28,30.02,29.94,29.85,10,10,10,8,2,"-",0,"Clear",2015-08-07
"300",2015-08-08,80,70,62,59,57,55,84,67,45,29.96,29.89,29.87,10,10,10,13,5,"20",0,"Clear",2015-08-08
"301",2015-08-09,84,72,61,56,52,47,78,53,28,30.01,29.96,29.9,10,10,10,12,5,"-",0,"Clear",2015-08-09
"302",2015-08-10,84,75,66,57,52,49,73,47,29,29.96,29.92,29.87,10,10,10,12,3,"-",0,"Rain, snow or thunderstorm or all",2015-08-10
"303",2015-08-11,87,76,66,55,54,50,68,47,30,29.98,29.93,29.86,10,10,10,10,3,"-",0,"Clear",2015-08-11
"304",2015-08-12,84,75,66,61,56,54,65,52,35,29.99,29.94,29.9,10,10,7,7,2,"-",0.04,"Rain, snow or thunderstorm or all",2015-08-12
"305",2015-08-13,84,74,63,59,57,54,81,60,39,30.05,29.99,29.9,10,10,10,10,6,"-",0,"Clear",2015-08-13
"306",2015-08-14,68,65,62,57,56,54,84,75,65,30.15,30.01,29.92,10,8,4,14,7,"26",0.57,"Rain, snow or thunderstorm or all",2015-08-14
"307",2015-08-15,72,66,60,55,53,50,78,65,49,30.25,30.22,30.16,10,10,10,12,7,"-",0,"Clear",2015-08-15
"308",2015-08-16,78,68,60,53,52,50,75,58,39,30.27,30.21,30.14,10,10,10,12,3,"16",0,"Clear",2015-08-16
"309",2015-08-17,81,70,60,55,52,47,78,53,30,30.15,30.1,30.04,10,10,10,12,2,"18",0,"Clear",2015-08-17
"310",2015-08-18,84,74,64,57,55,54,70,53,37,30.06,30,29.91,10,10,10,10,3,"20",0,"Clear",2015-08-18
"311",2015-08-19,91,78,64,57,54,48,75,49,23,29.93,29.88,29.79,10,10,10,7,2,"-",0,"Clear",2015-08-19
"312",2015-08-20,75,68,61,57,53,48,82,64,38,29.97,29.92,29.87,10,9,2,10,7,"18",0,"Clear",2015-08-20
"313",2015-08-21,75,66,60,51,49,44,68,56,35,30.07,29.98,29.91,10,10,10,9,6,"-",0,"Clear",2015-08-21
"314",2015-08-22,79,68,57,52,49,46,75,55,32,30.12,30.05,29.96,10,10,10,7,2,"-",0,"Clear",2015-08-22
"315",2015-08-23,82,70,59,53,49,44,72,49,27,29.98,29.95,29.91,10,8,3,6,1,"-",0,"Clear",2015-08-23
"316",2015-08-24,77,66,57,50,48,43,74,51,38,30.07,30.03,29.99,10,10,10,10,4,"-",0,"Clear",2015-08-24
"317",2015-08-25,78,68,57,49,45,39,65,45,25,30.11,30.05,29.99,10,10,10,12,2,"17",0,"Clear",2015-08-25
"318",2015-08-26,84,71,60,51,46,40,67,44,23,30.04,29.99,29.95,10,10,10,6,1,"-",0,"Clear",2015-08-26
"319",2015-08-27,87,74,62,52,48,39,63,41,22,30.09,30.02,29.94,10,10,10,8,3,"-",0,"Clear",2015-08-27
"320",2015-08-28,75,70,64,58,54,42,78,56,32,30.01,29.9,29.68,10,10,10,13,6,"18",0.01,"Rain, snow or thunderstorm or all",2015-08-28
"321",2015-08-29,75,66,60,60,56,50,96,70,44,29.78,29.67,29.5,10,8,3,23,8,"39",0.18,"Rain, snow or thunderstorm or all",2015-08-29
"322",2015-08-30,72,65,59,60,55,50,100,75,51,30,29.9,29.75,10,9,3,13,8,"18",0.24,"Rain, snow or thunderstorm or all",2015-08-30
"323",2015-08-31,68,66,64,58,53,49,78,64,54,29.99,29.95,29.9,10,10,10,15,11,"25",0.06,"Rain, snow or thunderstorm or all",2015-08-31
"324",2015-09-01,68,64,62,58,56,53,84,76,63,29.9,29.84,29.78,10,7,1,15,9,"25",0.17,"Rain, snow or thunderstorm or all",2015-09-01
"325",2015-09-02,70,63,57,53,50,46,81,65,44,29.96,29.89,29.78,10,10,10,13,7,"18",0.02,"Rain, snow or thunderstorm or all",2015-09-02
"326",2015-09-03,69,60,53,50,47,42,83,65,40,30.03,30,29.96,10,10,10,10,3,"25",0,"Clear",2015-09-03
"327",2015-09-04,66,60,54,49,47,46,80,68,48,30.02,30,29.98,10,10,10,8,2,"-",0,"Clear",2015-09-04
"328",2015-09-05,69,58,48,52,48,44,86,68,50,30.13,30.09,30.02,10,10,10,14,5,"21",0.06,"Rain, snow or thunderstorm or all",2015-09-05
"329",2015-09-06,63,58,55,54,51,49,88,75,65,30.16,30.12,30.08,10,10,5,10,5,"-",0.19,"Rain, snow or thunderstorm or all",2015-09-06
"330",2015-09-07,73,66,59,54,52,46,83,66,39,30.22,30.18,30.15,10,10,9,10,1,"-",0,"Clear",2015-09-07
"331",2015-09-08,75,67,59,58,54,50,78,67,55,30.17,30.11,30.06,10,10,8,13,6,"-",0,"Clear",2015-09-08
"332",2015-09-09,78,69,60,57,55,49,83,64,37,30.09,30.07,30.04,10,10,10,8,2,"-",0,"Clear",2015-09-09
"333",2015-09-10,75,68,61,57,56,55,83,67,50,30.12,30.08,30.02,10,10,6,12,3,"16",0.01,"Clear",2015-09-10
"334",2015-09-11,82,72,62,58,56,54,80,60,42,30.07,30.03,29.96,10,10,10,8,2,"-",0,"Clear",2015-09-11
"335",2015-09-12,81,71,62,57,55,53,78,60,40,30.04,29.99,29.95,10,10,10,10,2,"16",0,"Clear",2015-09-12
"336",2015-09-13,72,66,59,58,53,45,86,69,41,29.99,29.95,29.9,10,8,1,12,4,"-",0.03,"Rain, snow or thunderstorm or all",2015-09-13
"337",2015-09-14,64,58,53,47,45,42,74,61,48,29.89,29.81,29.73,10,10,9,9,7,"-",0,"Clear",2015-09-14
"338",2015-09-15,66,59,52,47,44,42,72,61,42,29.84,29.81,29.78,10,10,10,10,7,"-",0,"Clear",2015-09-15
"339",2015-09-16,70,60,50,55,46,44,83,59,41,29.88,29.84,29.82,10,10,8,8,4,"-",0.04,"Rain, snow or thunderstorm or all",2015-09-16
"340",2015-09-17,68,62,57,57,54,51,84,77,65,30.1,29.94,29.83,10,10,3,12,3,"18",0.58,"Rain, snow or thunderstorm or all",2015-09-17
"341",2015-09-18,70,64,57,55,52,50,82,67,51,30.13,30.09,30.04,10,10,10,9,5,"-",0.01,"Clear",2015-09-18
"342",2015-09-19,73,66,60,59,55,53,78,69,55,30.05,30.01,29.95,10,10,10,14,7,"22",0,"Clear",2015-09-19
"343",2015-09-20,75,66,57,61,58,51,86,73,55,29.97,29.92,29.87,10,9,2,17,11,"26",0.09,"Rain, snow or thunderstorm or all",2015-09-20
"344",2015-09-21,66,60,55,52,47,41,81,61,40,30.1,30.04,29.98,10,10,10,8,2,"-",0,"Clear",2015-09-21
"345",2015-09-22,68,57,46,47,43,36,83,60,31,30.04,30.01,29.97,10,10,10,10,2,"-",0,"Clear",2015-09-22
"346",2015-09-23,71,60,48,47,45,42,80,59,39,30.06,30.03,29.99,10,10,10,8,3,"-",0,"Clear",2015-09-23
"347",2015-09-24,75,64,54,53,50,47,77,59,44,30.04,29.99,29.96,10,10,10,10,3,"16",0,"Clear",2015-09-24
"348",2015-09-25,63,61,59,54,52,45,82,73,57,30.07,30.04,30.01,10,10,8,10,4,"-",0.03,"Rain, snow or thunderstorm or all",2015-09-25
"349",2015-09-26,64,60,55,47,45,39,72,59,43,30.2,30.16,30.08,10,10,10,8,2,"-",0,"Clear",2015-09-26
"350",2015-09-27,64,55,46,46,44,39,83,65,41,30.22,30.16,30.09,10,10,10,10,3,"20",0,"Clear",2015-09-27
"351",2015-09-28,69,61,53,50,47,45,77,64,49,30.09,30.01,29.93,10,10,10,9,3,"-",0,"Clear",2015-09-28
"352",2015-09-29,73,62,53,50,48,45,83,62,40,29.96,29.93,29.89,10,10,10,8,1,"-",0,"Rain, snow or thunderstorm or all",2015-09-29
"353",2015-09-30,68,60,53,52,50,47,89,76,57,30.04,30,29.95,10,8,3,8,3,"-",0,"Clear",2015-09-30
"354",2015-10-01,70,60,51,54,50,46,90,74,47,30.13,30.04,29.98,10,7,0,7,1,"-",0.01,"Fog",2015-10-01
"355",2015-10-02,62,58,53,52,51,48,89,77,67,30.22,30.17,30.07,10,8,3,13,3,"-",0,"Clear",2015-10-02
"356",2015-10-03,68,62,55,50,45,40,77,58,40,30.09,30.05,30.01,10,10,10,8,5,"-",0,"Clear",2015-10-03
"357",2015-10-04,72,62,54,48,46,42,80,57,38,30,29.93,29.86,10,10,10,9,3,"-",0,"Clear",2015-10-04
"358",2015-10-05,73,62,52,50,48,44,77,62,45,29.91,29.88,29.86,10,10,10,7,1,"-",0,"Clear",2015-10-05
"359",2015-10-06,66,60,54,53,50,47,83,70,51,30.09,30,29.9,10,10,10,13,4,"18",0.01,"Clear",2015-10-06
"360",2015-10-07,62,60,59,57,55,53,87,81,72,30.17,30.12,30.08,10,8,3,9,5,"-",0.38,"Rain, snow or thunderstorm or all",2015-10-07
"361",2015-10-08,71,64,59,59,57,55,88,79,63,30.16,30.09,29.97,10,9,4,5,1,"-",0,"Clear",2015-10-08
"362",2015-10-09,70,62,55,59,55,50,94,77,63,29.97,29.94,29.9,10,7,0,9,4,"-",0.01,"Rain, snow or thunderstorm or all",2015-10-09
"363",2015-10-10,72,66,60,62,57,51,88,79,57,29.97,29.75,29.57,10,8,3,16,8,"29",0.77,"Rain, snow or thunderstorm or all",2015-10-10
"364",2015-10-11,66,60,54,51,49,46,84,69,50,30.21,30.12,30,10,10,10,10,5,"-",0,"Clear",2015-10-11
"365",2015-10-12,68,61,54,61,53,46,94,76,59,30.15,30.1,30.05,10,7,2,12,6,"21",0.34,"Rain, snow or thunderstorm or all",2015-10-12
"366",2015-10-13,63,58,54,54,52,47,88,79,65,30.27,30.22,30.15,10,8,2,9,2,"",0.07,"Rain, snow or thunderstorm or all",2015-10-13
"367",2015-10-14,63,58,53,49,48,46,83,75,60,30.26,30.21,30.12,10,10,7,7,3,"",0,"Clear",2015-10-14
"368",2015-10-15,68,60,53,50,48,46,86,70,47,30.12,30.04,29.96,10,10,9,7,2,"",0,"Clear",2015-10-15
"369",2015-10-16,70,60,50,50,47,45,86,67,45,29.97,29.91,29.83,10,10,10,6,1,"",0.01,"Clear",2015-10-16
"370",2015-10-17,68,62,57,56,53,50,86,76,61,29.95,29.89,29.84,10,10,8,6,1,"",0.04,"Rain, snow or thunderstorm or all",2015-10-17
"371",2015-10-18,62,60,59,59,56,54,93,85,77,30.02,29.99,29.95,10,4,1,8,3,"",0.16,"Rain, snow or thunderstorm or all",2015-10-18
"372",2015-10-19,66,62,57,56,54,53,86,76,63,30.15,30.01,29.94,10,10,5,10,4,"",0,"Rain, snow or thunderstorm or all",2015-10-19
"373",2015-10-20,64,59,52,53,50,46,84,74,50,30.29,30.24,30.18,10,10,9,12,2,"",0,"Clear",2015-10-20
"374",2015-10-21,64,57,50,53,49,45,93,79,65,30.19,30.15,30.12,10,9,1,9,2,"",0,"Clear",2015-10-21
"375",2015-10-22,62,55,48,49,46,42,93,74,50,30.29,30.26,30.19,10,8,0,8,1,"",0.01,"Fog",2015-10-22
"376",2015-10-23,59,52,48,47,45,43,83,74,60,30.25,30.16,30.04,10,9,3,7,2,"",0,"Fog",2015-10-23
"377",2015-10-24,60,55,51,47,46,45,83,77,64,30.04,29.96,29.87,10,8,5,8,2,"",0.01,"Rain, snow or thunderstorm or all",2015-10-24
"378",2015-10-25,66,57,50,54,49,46,90,77,54,29.86,29.73,29.65,10,9,2,14,4,"29",0.35,"Rain, snow or thunderstorm or all",2015-10-25
"379",2015-10-26,57,55,53,54,51,48,93,83,72,30.05,29.97,29.82,10,7,2,14,11,"21",0.09,"Rain, snow or thunderstorm or all",2015-10-26
"380",2015-10-27,60,54,48,50,48,46,90,79,67,30.05,29.99,29.93,10,10,3,12,2,"",0.01,"Clear",2015-10-27
"381",2015-10-28,59,56,54,54,51,47,89,80,72,29.99,29.95,29.9,10,9,2,12,3,"",0.1,"Rain, snow or thunderstorm or all",2015-10-28
"382",2015-10-29,62,60,57,54,52,50,83,77,69,30.06,30.02,29.96,10,10,10,13,7,"",0.02,"Rain, snow or thunderstorm or all",2015-10-29
"383",2015-10-30,66,60,55,59,53,50,97,78,63,29.96,29.76,29.65,10,9,3,17,11,"32",0.36,"Rain, snow or thunderstorm or all",2015-10-30
"384",2015-10-31,63,59,55,58,54,49,94,82,75,29.71,29.65,29.57,10,8,2,21,11,"34",0.99,"Rain, snow or thunderstorm or all",2015-10-31
"385",2015-11-01,57,54,52,52,48,45,87,77,69,29.84,29.76,29.65,10,10,5,18,13,"29",0.5,"Rain, snow or thunderstorm or all",2015-11-01
"386",2015-11-02,55,50,45,47,44,40,82,73,63,30.01,29.93,29.86,10,10,4,7,3,"",0.07,"Rain, snow or thunderstorm or all",2015-11-02
"387",2015-11-03,53,47,41,43,41,37,89,77,61,30.17,30.08,29.99,10,10,6,12,2,"",0.07,"Rain, snow or thunderstorm or all",2015-11-03
"388",2015-11-04,53,45,37,41,38,34,86,73,55,30.2,30.17,30.14,10,10,9,8,5,"",0,"Clear",2015-11-04
"389",2015-11-05,55,52,48,47,45,42,87,78,64,30.31,30.18,30.12,10,10,6,8,5,"",0.01,"Rain, snow or thunderstorm or all",2015-11-05
"390",2015-11-06,63,56,50,49,46,45,86,76,58,30.32,30.26,30.1,10,8,3,10,5,"",0.01,"Rain, snow or thunderstorm or all",2015-11-06
"391",2015-11-07,55,54,52,52,49,46,88,81,72,30.07,29.91,29.81,10,8,2,12,5,"18",0.49,"Rain, snow or thunderstorm or all",2015-11-07
"392",2015-11-08,55,52,48,47,45,43,86,79,67,29.85,29.83,29.79,10,9,3,7,4,"",0.38,"Rain, snow or thunderstorm or all",2015-11-08
"393",2015-11-09,52,48,43,46,44,39,87,82,74,30.16,29.96,29.84,10,9,4,8,1,"",0.16,"Rain, snow or thunderstorm or all",2015-11-09
"394",2015-11-10,54,46,39,45,41,37,93,79,61,30.27,30.2,30.04,10,6,0,16,6,"28",0.06,"Rain, snow or thunderstorm or all",2015-11-10
"395",2015-11-11,55,50,43,48,40,37,89,70,55,30.36,30.26,30.05,10,10,10,15,8,"31",0.05,"Rain, snow or thunderstorm or all",2015-11-11
"396",2015-11-12,54,48,43,50,41,34,100,74,55,30.36,30.13,29.89,10,8,2,28,9,"36",0.24,"Rain, snow or thunderstorm or all",2015-11-12
"397",2015-11-13,60,56,51,55,52,46,94,86,72,29.88,29.84,29.81,10,6,1,24,15,"38",1.31,"Rain, snow or thunderstorm or all",2015-11-13
"398",2015-11-14,51,48,46,46,43,41,86,82,80,29.82,29.72,29.54,10,6,3,8,3,"",1.64,"Rain, snow or thunderstorm or all",2015-11-14
"399",2015-11-15,48,44,37,41,37,34,86,77,61,30.07,29.74,29.53,10,8,3,12,5,"21",0.75,"Rain, snow or thunderstorm or all",2015-11-15
"400",2015-11-16,52,44,36,46,38,31,89,79,64,30.15,30.02,29.85,10,10,9,15,7,"24",0.09,"Rain, snow or thunderstorm or all",2015-11-16
"401",2015-11-17,61,54,46,57,49,37,88,81,66,30.01,29.76,29.5,10,8,2,23,12,"38",0.74,"Rain, snow or thunderstorm or all",2015-11-17
"402",2015-11-18,51,45,39,42,38,35,83,70,61,30.28,30.22,30.05,10,10,9,9,5,"",0.03,"Rain, snow or thunderstorm or all",2015-11-18
"403",2015-11-19,50,44,37,44,37,31,97,74,50,30.43,30.21,30.1,10,10,10,12,3,"21",0.08,"Rain, snow or thunderstorm or all",2015-11-19
"404",2015-11-20,50,42,35,36,33,30,93,72,48,30.56,30.49,30.43,10,9,4,6,2,"",0,"Clear",2015-11-20
"405",2015-11-21,51,44,36,32,29,27,76,60,41,30.42,30.35,30.24,10,10,10,7,2,"",0,"Clear",2015-11-21
"406",2015-11-22,50,42,34,34,32,29,82,69,50,30.23,30.09,29.97,10,10,10,6,1,"",0,"Clear",2015-11-22
"407",2015-11-23,46,40,33,43,35,28,93,82,66,29.96,29.85,29.73,10,7,4,9,5,"",0.12,"Rain, snow or thunderstorm or all",2015-11-23
"408",2015-11-24,48,44,41,41,32,24,86,63,41,30.14,29.9,29.71,10,8,4,16,6,"28",0.21,"Rain, snow or thunderstorm or all",2015-11-24
"409",2015-11-25,48,42,35,31,24,18,76,51,32,30.38,30.28,30.16,10,10,10,7,4,"",0,"Clear",2015-11-25
"410",2015-11-26,52,41,30,33,29,26,82,65,38,30.47,30.43,30.38,10,10,10,7,2,"",0,"Clear",2015-11-26
"411",2015-11-27,48,39,30,32,28,24,85,68,46,30.43,30.39,30.35,10,10,7,8,1,"",0,"Clear",2015-11-27
"412",2015-11-28,46,36,26,31,26,21,86,75,50,30.36,30.29,30.22,10,8,2,6,1,"",0,"Rain, snow or thunderstorm or all",2015-11-28
"413",2015-11-29,39,34,30,34,31,25,93,87,79,30.24,30.21,30.16,3,1,0,7,2,"",0,"Fog",2015-11-29
"414",2015-11-30,44,36,28,36,29,26,93,81,53,30.17,30.14,30.09,10,4,0,8,3,"",0.01,"Rain, snow or thunderstorm or all",2015-11-30
"415",2015-12-01,53,47,41,40,35,30,89,69,43,30.19,30.1,29.99,10,9,5,13,3,"",0.39,"Rain, snow or thunderstorm or all",2015-12-01
"416",2015-12-02,53,48,42,41,38,34,89,69,50,30.06,29.96,29.73,10,8,3,14,7,"24",0.06,"Rain, snow or thunderstorm or all",2015-12-02
"417",2015-12-03,57,52,48,47,44,41,90,76,59,29.72,29.54,29.4,10,10,6,14,10,"24",0.52,"Rain, snow or thunderstorm or all",2015-12-03
"418",2015-12-04,53,49,45,44,41,37,83,74,64,30.13,29.97,29.74,10,10,4,13,8,"18",0.12,"Rain, snow or thunderstorm or all",2015-12-04
"419",2015-12-05,50,47,44,49,42,35,100,83,57,30.1,29.92,29.79,10,9,4,8,5,"",0.81,"Rain, snow or thunderstorm or all",2015-12-05
"420",2015-12-06,57,52,48,52,46,40,100,79,55,29.93,29.84,29.74,10,10,7,17,9,"26",0.55,"Rain, snow or thunderstorm or all",2015-12-06
"421",2015-12-07,55,52,50,54,48,40,100,87,59,29.89,29.78,29.62,10,7,2,14,7,"21",1.06,"Rain, snow or thunderstorm or all",2015-12-07
"422",2015-12-08,63,58,52,57,54,52,100,90,81,29.86,29.67,29.46,10,7,2,20,10,"32",1.51,"Rain, snow or thunderstorm or all",2015-12-08
"423",2015-12-09,57,52,46,53,45,41,87,75,62,29.85,29.67,29.44,10,9,3,17,11,"37",0.56,"Rain, snow or thunderstorm or all",2015-12-09
"424",2015-12-10,55,50,46,45,41,35,86,72,49,29.49,29.32,29.15,10,9,5,22,12,"38",0.63,"Rain, snow or thunderstorm or all",2015-12-10
"425",2015-12-11,52,48,43,43,41,39,90,81,61,29.84,29.65,29.49,10,10,10,7,2,"",0.01,"Rain, snow or thunderstorm or all",2015-12-11
"426",2015-12-12,51,48,44,44,42,40,93,84,68,29.88,29.61,29.37,10,8,4,22,8,"36",0.56,"Rain, snow or thunderstorm or all",2015-12-12
"427",2015-12-13,48,46,45,43,41,39,87,78,71,29.89,29.62,29.47,10,10,7,30,14,"38",0.11,"Rain, snow or thunderstorm or all",2015-12-13
"428",2015-12-14,48,42,36,40,36,33,89,75,58,30.33,30.14,29.91,10,10,9,9,3,"",0,"Rain, snow or thunderstorm or all",2015-12-14
"429",2015-12-15,46,40,33,37,34,32,97,80,56,30.35,30.29,30.16,10,6,0,10,6,"",0.02,"Rain, snow or thunderstorm or all",2015-12-15
"430",2015-12-16,45,41,37,33,32,30,79,66,56,30.27,30.19,30.05,10,10,8,7,2,"",0.13,"Rain, snow or thunderstorm or all",2015-12-16
"431",2015-12-17,46,42,39,34,32,24,73,67,49,30.02,29.72,29.49,10,7,2,14,6,"17",0.82,"Rain, snow or thunderstorm or all",2015-12-17
"432",2015-12-18,50,46,42,33,32,30,67,58,48,29.86,29.71,29.44,10,9,4,14,9,"25",0.54,"Rain, snow or thunderstorm or all",2015-12-18
"433",2015-12-19,48,44,39,34,32,31,75,64,52,29.93,29.88,29.78,10,10,10,13,8,"21",0.01,"Rain, snow or thunderstorm or all",2015-12-19
"434",2015-12-20,48,46,43,33,32,32,65,59,54,29.8,29.72,29.62,10,10,7,18,13,"29",0.19,"Rain, snow or thunderstorm or all",2015-12-20
"435",2015-12-21,45,42,39,43,37,30,100,83,58,29.74,29.4,29.14,10,8,2,13,6,"17",0.83,"Rain, snow or thunderstorm or all",2015-12-21
"436",2015-12-22,46,42,39,41,37,33,100,78,61,29.61,29.51,29.41,10,10,9,18,6,"26",0.12,"Rain, snow or thunderstorm or all",2015-12-22
"437",2015-12-23,43,41,39,41,37,35,96,83,76,29.57,29.52,29.47,10,10,10,20,11,"30",0.09,"Rain, snow or thunderstorm or all",2015-12-23
"438",2015-12-24,43,41,39,39,37,36,93,85,76,29.93,29.71,29.52,10,10,8,13,7,"20",0.11,"Rain, snow or thunderstorm or all",2015-12-24
"439",2015-12-25,41,38,36,38,37,35,100,94,86,30.52,30.21,29.94,10,10,6,7,4,"",0.05,"Rain, snow or thunderstorm or all",2015-12-25
"440",2015-12-26,41,38,35,37,32,26,100,81,58,30.57,30.47,30.27,10,10,7,8,4,"",0,"Clear",2015-12-26
"441",2015-12-27,42,40,37,37,33,27,96,81,60,30.24,30.09,30.02,10,9,7,9,3,"",0.32,"Rain, snow or thunderstorm or all",2015-12-27
"442",2015-12-28,42,40,37,39,37,35,100,91,79,30.17,30.12,30.05,10,9,6,7,2,"",0.03,"Rain, snow or thunderstorm or all",2015-12-28
"443",2015-12-29,45,40,33,38,36,31,100,87,65,30.25,30.16,30.13,10,9,6,12,2,"",0,"Clear",2015-12-29
"444",2015-12-30,43,36,30,28,26,23,88,72,45,30.5,30.41,30.26,10,10,10,7,1,"",0,"Clear",2015-12-30
"445",2015-12-31,43,35,27,27,23,22,89,70,43,30.58,30.53,30.51,10,10,10,6,1,"",0,"Clear",2015-12-31
"446",2016-01-01,44,34,25,30,25,21,92,76,43,30.49,30.38,30.27,10,10,6,5,1,"",0,"Clear",2016-01-01
"447",2016-01-02,44,34,23,30,23,13,96,73,33,30.26,30.19,30.11,10,9,6,8,2,"",0,"Clear",2016-01-02
"448",2016-01-03,39,34,28,34,26,14,87,67,35,30.09,29.96,29.86,10,9,3,14,4,"",0.01,"Rain, snow or thunderstorm or all",2016-01-03
"449",2016-01-04,39,38,37,34,33,32,87,83,76,29.84,29.77,29.67,10,6,2,8,1,"",0.07,"Rain, snow or thunderstorm or all",2016-01-04
"450",2016-01-05,44,40,37,39,33,32,100,73,63,29.6,29.58,29.56,10,8,5,5,1,"",0.11,"Rain, snow or thunderstorm or all",2016-01-05
"451",2016-01-06,51,43,35,42,39,35,100,90,66,29.76,29.65,29.59,10,9,2,7,1,"",0,"Clear",2016-01-06
"452",2016-01-07,45,38,32,41,37,32,100,93,81,30.03,29.91,29.77,10,6,0,6,2,"",0,"Fog",2016-01-07
"453",2016-01-08,48,39,30,42,38,30,100,93,74,30.08,30.04,30.01,10,6,0,7,1,"",0,"Fog",2016-01-08
"454",2016-01-09,48,39,30,41,36,30,100,92,66,30.22,30.1,30.01,10,5,0,6,1,"",0,"Fog",2016-01-09
"455",2016-01-10,51,43,32,39,32,25,93,69,50,30.27,30.21,30.15,10,10,9,8,2,"",0,"Clear",2016-01-10
"456",2016-01-11,45,38,30,42,35,25,100,85,65,30.17,30.14,30.12,10,10,8,10,3,"",0.09,"Rain, snow or thunderstorm or all",2016-01-11
"457",2016-01-12,48,42,37,44,42,36,96,88,77,30.14,29.85,29.53,10,9,5,16,5,"26",0.52,"Rain, snow or thunderstorm or all",2016-01-12
"458",2016-01-13,55,48,42,49,45,41,100,89,74,30.03,29.77,29.54,10,8,3,22,8,"30",0.57,"Rain, snow or thunderstorm or all",2016-01-13
"459",2016-01-14,48,42,35,41,37,33,97,85,68,30.06,29.94,29.79,10,10,10,9,5,"",0,"Clear",2016-01-14
"460",2016-01-15,48,40,32,45,39,32,100,92,86,30.01,29.94,29.86,10,9,4,7,4,"",0.04,"Rain, snow or thunderstorm or all",2016-01-15
"461",2016-01-16,53,48,43,48,45,40,100,89,83,29.97,29.79,29.65,10,9,3,15,5,"26",0.41,"Rain, snow or thunderstorm or all",2016-01-16
"462",2016-01-17,50,46,42,47,43,40,97,91,82,29.95,29.81,29.68,10,10,7,13,5,"",0.32,"Rain, snow or thunderstorm or all",2016-01-17
"463",2016-01-18,54,48,42,44,42,37,100,81,59,30,29.94,29.85,10,10,10,15,5,"22",0.05,"Rain, snow or thunderstorm or all",2016-01-18
"464",2016-01-19,46,44,41,44,41,37,97,89,76,29.93,29.77,29.59,10,8,4,10,3,"",0.46,"Rain, snow or thunderstorm or all",2016-01-19
"465",2016-01-20,52,46,41,44,42,40,100,84,63,30.2,30.09,29.93,10,10,7,10,5,"",0.2,"Rain, snow or thunderstorm or all",2016-01-20
"466",2016-01-21,51,48,45,49,47,44,100,95,86,29.97,29.84,29.69,10,8,5,8,3,"",1.27,"Rain, snow or thunderstorm or all",2016-01-21
"467",2016-01-22,55,50,46,50,46,42,97,85,67,29.93,29.81,29.64,10,10,6,17,8,"25",0.27,"Rain, snow or thunderstorm or all",2016-01-22
"468",2016-01-23,46,45,44,46,44,40,100,94,79,29.97,29.8,29.71,10,8,4,8,2,"",0.53,"Rain, snow or thunderstorm or all",2016-01-23
"469",2016-01-24,50,44,37,44,40,37,100,82,61,30.19,30.11,29.99,10,10,10,8,5,"",0,"Clear",2016-01-24
"470",2016-01-25,54,45,36,42,39,35,97,81,59,30.26,30.23,30.19,10,10,10,6,2,"",0,"Clear",2016-01-25
"471",2016-01-26,55,50,46,54,49,39,100,91,66,30.27,30.24,30.2,10,9,2,12,4,"",0.27,"Rain, snow or thunderstorm or all",2016-01-26
"472",2016-01-27,57,54,50,54,52,49,100,94,87,30.24,30.13,29.92,10,9,5,10,5,"",0.8,"Rain, snow or thunderstorm or all",2016-01-27
"473",2016-01-28,55,50,46,54,48,43,100,86,64,30.07,29.91,29.79,10,9,5,13,9,"23",0.52,"Rain, snow or thunderstorm or all",2016-01-28
"474",2016-01-29,50,47,44,43,41,37,93,80,68,30,29.76,29.6,10,10,8,20,6,"28",0.18,"Rain, snow or thunderstorm or all",2016-01-29
"475",2016-01-30,46,42,39,39,37,36,93,81,68,30.02,29.95,29.86,10,10,7,15,9,"21",0.02,"Rain, snow or thunderstorm or all",2016-01-30
"476",2016-01-31,46,42,37,39,37,34,89,80,71,30.13,30.05,30.02,10,10,10,12,7,"17",0,"Clear",2016-01-31
"477",2016-02-01,45,41,37,40,39,37,97,88,74,30.21,30.18,30.13,10,10,6,9,5,"",0.25,"Rain, snow or thunderstorm or all",2016-02-01
"478",2016-02-02,50,42,35,40,36,31,100,82,48,30.22,30.2,30.18,10,9,0,8,2,"",0.02,"Rain, snow or thunderstorm or all",2016-02-02
"479",2016-02-03,48,44,41,44,39,35,97,83,59,30.22,30.1,29.95,10,9,6,16,6,"23",0.48,"Rain, snow or thunderstorm or all",2016-02-03
"480",2016-02-04,48,46,45,46,44,41,93,87,80,30.4,30.32,30.14,10,10,10,16,10,"25",0.05,"Rain, snow or thunderstorm or all",2016-02-04
"481",2016-02-05,53,48,42,45,43,40,100,84,64,30.35,30.18,29.99,10,10,5,21,5,"32",0.15,"Rain, snow or thunderstorm or all",2016-02-05
"482",2016-02-06,48,42,36,41,40,35,100,82,71,30.51,30.43,30.25,10,10,9,16,9,"22",0,"Clear",2016-02-06
"483",2016-02-07,50,43,36,41,38,36,100,84,61,30.57,30.54,30.5,10,10,10,9,2,"",0,"Clear",2016-02-07
"484",2016-02-08,57,48,39,44,41,37,97,81,59,30.51,30.41,30.28,10,10,10,8,2,"",0,"Clear",2016-02-08
"485",2016-02-09,62,50,39,47,42,37,100,83,55,30.26,30.18,30.1,10,7,0,10,2,"",0,"Fog",2016-02-09
"486",2016-02-10,55,50,44,52,45,39,100,81,63,30.31,30.21,30.08,10,10,4,10,5,"23",0.16,"Rain, snow or thunderstorm or all",2016-02-10
"487",2016-02-11,55,50,44,52,47,43,100,89,72,30.29,30.15,30.08,10,8,3,8,3,"",0.37,"Rain, snow or thunderstorm or all",2016-02-11
"488",2016-02-12,57,52,48,54,49,43,100,89,62,30.2,30.11,30.06,10,8,2,17,7,"28",0.86,"Rain, snow or thunderstorm or all",2016-02-12
"489",2016-02-13,51,48,46,47,44,41,100,89,71,30.29,30.19,30.08,10,9,3,15,10,"22",0.36,"Rain, snow or thunderstorm or all",2016-02-13
"490",2016-02-14,55,NA,55,50,50,50,82,82,82,30.12,30.12,30.12,10,10,10,23,23,"",0,"Clear",2016-02-14
"491",2016-02-15,57,54,51,49,48,46,92,84,67,30.01,30,29.98,10,8,4,13,9,"25",0.12,"Rain, snow or thunderstorm or all",2016-02-15
"492",2016-02-16,55,53,50,49,48,46,92,86,75,30.05,29.95,29.71,10,10,10,13,7,"26",0.01,"Rain, snow or thunderstorm or all",2016-02-16
"493",2016-02-17,57,52,48,50,47,45,96,85,67,29.69,29.37,29.17,10,9,6,9,4,"18",0.46,"Rain, snow or thunderstorm or all",2016-02-17
"494",2016-02-18,52,49,46,46,43,39,100,82,63,29.73,29.45,29.27,10,10,7,16,8,"28",0.12,"Rain, snow or thunderstorm or all",2016-02-18
"495",2016-02-19,51,46,42,46,43,39,96,87,77,30.14,29.79,29.58,10,9,7,15,7,"24",0.49,"Rain, snow or thunderstorm or all",2016-02-19
"496",2016-02-20,52,44,37,39,37,35,96,74,54,30.4,30.32,30.18,10,10,10,13,8,"20",0,"Rain, snow or thunderstorm or all",2016-02-20
"497",2016-02-21,51,42,34,43,39,34,100,87,71,30.36,30.23,30.12,10,10,7,14,3,"23",0.07,"Rain, snow or thunderstorm or all",2016-02-21
"498",2016-02-22,51,46,41,41,39,38,93,82,63,30.44,30.4,30.36,10,10,10,10,6,"",0.01,"Rain, snow or thunderstorm or all",2016-02-22
"499",2016-02-23,60,48,37,38,33,28,96,61,32,30.35,30.19,30.07,10,10,10,13,4,"",0,"Clear",2016-02-23
"500",2016-02-24,57,50,44,50,40,34,100,69,41,30.25,30.2,30.12,10,10,7,6,1,"",0.02,"Rain, snow or thunderstorm or all",2016-02-24
"501",2016-02-25,61,50,39,45,42,39,100,80,49,30.25,30.18,30.09,10,9,1,7,1,"",0,"Rain, snow or thunderstorm or all",2016-02-25
"502",2016-02-26,60,51,42,50,45,41,96,84,49,30.08,29.98,29.93,10,10,6,9,3,"",0.15,"Rain, snow or thunderstorm or all",2016-02-26
"503",2016-02-27,57,52,46,49,47,42,100,87,60,30.14,30.07,29.96,10,9,4,10,2,"",0.08,"Rain, snow or thunderstorm or all",2016-02-27
"504",2016-02-28,52,48,44,47,43,40,93,86,77,30.2,29.99,29.79,10,9,5,16,6,"31",0.68,"Rain, snow or thunderstorm or all",2016-02-28
"505",2016-02-29,53,48,44,45,41,38,96,76,57,30.24,30.16,30.01,10,10,8,10,6,"",0.12,"Rain, snow or thunderstorm or all",2016-02-29
"506",2016-03-01,55,50,45,49,44,39,100,86,63,29.98,29.75,29.55,10,9,4,23,6,"34",0.71,"Rain, snow or thunderstorm or all",2016-03-01
"507",2016-03-02,54,50,46,49,44,38,97,80,55,30.02,29.91,29.74,10,9,4,20,11,"29",0.27,"Rain, snow or thunderstorm or all",2016-03-02
"508",2016-03-03,57,52,48,50,45,41,96,76,55,30.01,29.96,29.83,10,10,9,16,8,"25",0.03,"Rain, snow or thunderstorm or all",2016-03-03
"509",2016-03-04,57,48,39,48,43,38,97,84,55,29.94,29.79,29.51,10,10,7,9,2,"",0.21,"Rain, snow or thunderstorm or all",2016-03-04
"510",2016-03-05,63,56,48,52,49,45,93,75,54,29.65,29.46,29.17,10,10,9,18,6,"",0.2,"Rain, snow or thunderstorm or all",2016-03-05
"511",2016-03-06,60,52,45,48,44,42,93,82,64,29.61,29.53,29.23,10,9,2,14,9,"26",0.39,"Rain, snow or thunderstorm or all",2016-03-06
"512",2016-03-07,52,48,41,44,41,39,100,84,66,30.04,29.82,29.55,10,10,4,18,8,"25",0.26,"Rain, snow or thunderstorm or all",2016-03-07
"513",2016-03-08,53,46,39,43,38,35,93,75,52,30.04,29.94,29.85,10,10,8,9,7,"20",0.03,"Rain, snow or thunderstorm or all",2016-03-08
"514",2016-03-09,55,48,43,50,44,42,97,88,71,29.9,29.65,29.36,10,9,4,16,7,"30",0.97,"Rain, snow or thunderstorm or all",2016-03-09
"515",2016-03-10,55,48,39,52,43,39,100,80,57,29.97,29.74,29.38,10,10,6,22,13,"38",0.32,"Rain, snow or thunderstorm or all",2016-03-10
"516",2016-03-11,55,46,36,48,43,36,100,90,59,29.93,29.63,29.49,10,9,4,8,3,"",0.35,"Rain, snow or thunderstorm or all",2016-03-11
"517",2016-03-12,51,46,39,48,41,37,100,81,63,29.76,29.64,29.5,10,10,8,18,9,"28",0.2,"Rain, snow or thunderstorm or all",2016-03-12
"518",2016-03-13,53,47,41,44,40,38,96,82,59,29.72,29.48,29.23,10,9,5,29,9,"52",0.52,"Rain, snow or thunderstorm or all",2016-03-13
"519",2016-03-14,48,44,41,42,39,38,89,86,71,30.11,29.86,29.6,10,10,7,15,11,"25",0.06,"Rain, snow or thunderstorm or all",2016-03-14
"520",2016-03-15,51,46,41,40,38,37,86,77,59,30.27,30.23,30.14,10,10,10,12,8,"22",0,"Clear",2016-03-15
"521",2016-03-16,53,47,42,41,37,32,93,71,47,30.36,30.33,30.28,10,10,10,9,2,"",0,"Clear",2016-03-16
"522",2016-03-17,57,47,37,38,33,26,93,65,33,30.36,30.29,30.18,10,10,10,14,3,"20",0,"Clear",2016-03-17
"523",2016-03-18,63,52,42,27,24,22,53,33,23,30.17,30.06,30,10,10,10,20,8,"26",0,"Clear",2016-03-18
"524",2016-03-19,61,54,48,45,38,24,69,53,31,30.06,30,29.92,10,10,10,8,3,"",0,"Clear",2016-03-19
"525",2016-03-20,55,52,48,51,48,41,96,86,66,29.91,29.82,29.76,10,10,9,13,2,"",0.08,"Rain, snow or thunderstorm or all",2016-03-20
"526",2016-03-21,55,50,46,48,47,44,100,89,77,29.83,29.77,29.69,10,10,6,9,6,"20",0.28,"Rain, snow or thunderstorm or all",2016-03-21
"527",2016-03-22,57,50,45,46,44,42,93,81,62,30.22,30.02,29.83,10,10,8,12,7,"18",0.01,"Rain, snow or thunderstorm or all",2016-03-22
"528",2016-03-23,53,50,48,48,45,43,97,84,74,30.27,30.18,30,10,9,2,15,11,"25",0.13,"Rain, snow or thunderstorm or all",2016-03-23
"529",2016-03-24,54,49,45,43,40,38,86,76,59,30.21,30.15,30.05,10,10,10,16,10,"24",0,"Rain, snow or thunderstorm or all",2016-03-24
"530",2016-03-25,57,50,44,41,38,32,85,68,42,30.25,30.21,30.18,10,10,10,8,4,"20",0,"Clear",2016-03-25
"531",2016-03-26,59,50,41,46,39,33,93,66,39,30.17,30.01,29.85,10,10,8,8,2,"",0.04,"Rain, snow or thunderstorm or all",2016-03-26
"532",2016-03-27,51,47,39,49,44,38,100,88,71,30.12,29.95,29.82,10,9,2,16,9,"34",0.48,"Rain, snow or thunderstorm or all",2016-03-27
"533",2016-03-28,55,46,37,42,40,38,100,81,59,30.22,30.19,30.14,10,10,10,10,3,"",0,"Rain, snow or thunderstorm or all",2016-03-28
"534",2016-03-29,64,50,37,43,39,36,100,74,38,30.21,30.15,30.06,10,9,1,12,4,"20",0,"Clear",2016-03-29
"535",2016-03-30,68,54,43,45,42,39,93,64,37,30.11,30.07,30.03,10,10,10,8,2,"",0,"Clear",2016-03-30
"536",2016-03-31,73,59,46,47,45,43,90,64,35,30.14,30.1,30.06,10,10,10,7,1,"",0,"Clear",2016-03-31
"537",2016-04-01,71,58,46,50,48,45,93,69,44,30.19,30.15,30.1,10,10,10,8,3,"",0,"Clear",2016-04-01
"538",2016-04-02,63,54,48,49,47,45,100,80,58,30.19,30.15,30.1,10,10,10,12,4,"",0,"Clear",2016-04-02
"539",2016-04-03,69,58,46,51,47,38,97,71,42,30.13,30.02,29.89,10,10,5,13,3,"20",0.12,"Rain, snow or thunderstorm or all",2016-04-03
"540",2016-04-04,60,54,46,50,43,40,92,72,51,30.45,30.22,30.02,10,10,5,18,12,"30",0.17,"Rain, snow or thunderstorm or all",2016-04-04
"541",2016-04-05,57,52,46,46,44,42,86,77,64,30.57,30.51,30.45,10,10,10,14,8,"21",0,"Clear",2016-04-05
"542",2016-04-06,68,56,45,47,44,40,90,67,38,30.5,30.37,30.2,10,10,10,12,4,"17",0,"Clear",2016-04-06
"543",2016-04-07,77,63,51,51,49,46,89,65,37,30.18,29.99,29.86,10,10,10,10,4,"",0,"Clear",2016-04-07
"544",2016-04-08,75,64,52,52,48,42,89,64,34,29.91,29.87,29.81,10,10,10,8,2,"",0,"Clear",2016-04-08
"545",2016-04-09,66,55,46,50,47,44,100,73,48,29.88,29.84,29.79,10,10,10,6,2,"",0,"Clear",2016-04-09
"546",2016-04-10,59,52,48,45,43,42,86,71,57,30.04,29.95,29.87,10,10,10,9,7,"",0,"Clear",2016-04-10
"547",2016-04-11,57,54,50,44,42,39,80,67,51,30.14,30.09,30.04,10,10,10,10,6,"",0,"Clear",2016-04-11
"548",2016-04-12,60,52,46,48,44,41,97,79,59,30.14,30.11,30.07,10,9,4,16,8,"23",0.44,"Rain, snow or thunderstorm or all",2016-04-12
"549",2016-04-13,59,52,46,46,42,37,97,73,44,30.14,29.98,29.68,10,10,10,13,6,"17",0,"Rain, snow or thunderstorm or all",2016-04-13
"550",2016-04-14,59,52,45,46,42,38,93,73,49,30.07,29.81,29.7,10,10,6,14,6,"32",0.2,"Rain, snow or thunderstorm or all",2016-04-14
"551",2016-04-15,60,54,48,47,43,39,90,70,48,30.35,30.27,30.1,10,10,10,14,6,"17",0,"Clear",2016-04-15
"552",2016-04-16,68,56,43,45,41,35,89,62,31,30.36,30.32,30.27,10,10,10,8,4,"",0,"Clear",2016-04-16
"553",2016-04-17,77,64,50,50,47,44,83,61,33,30.3,30.18,30.08,10,10,10,10,3,"",0,"Clear",2016-04-17
"554",2016-04-18,89,70,52,62,50,45,89,53,27,30.1,30.05,29.98,10,10,10,9,2,"",0,"Clear",2016-04-18
"555",2016-04-19,81,68,55,52,50,47,83,54,31,30.02,29.95,29.85,10,10,10,9,3,"",0,"Clear",2016-04-19
"556",2016-04-20,81,67,55,55,52,50,87,62,37,29.87,29.81,29.71,10,10,10,9,2,"",0,"Clear",2016-04-20
"557",2016-04-21,73,63,53,53,50,42,89,65,34,29.85,29.76,29.64,10,10,10,12,8,"",0,"Rain, snow or thunderstorm or all",2016-04-21
"558",2016-04-22,64,58,54,52,51,49,84,77,63,29.94,29.74,29.62,10,10,10,15,6,"18",0.02,"Rain, snow or thunderstorm or all",2016-04-22
"559",2016-04-23,64,58,53,52,49,46,86,75,52,30.05,30,29.94,10,10,5,13,9,"22",0.02,"Rain, snow or thunderstorm or all",2016-04-23
"560",2016-04-24,55,51,48,49,46,42,93,83,66,30.17,30.07,29.99,10,9,5,10,6,"18",0.27,"Rain, snow or thunderstorm or all",2016-04-24
"561",2016-04-25,59,52,46,46,42,33,100,76,42,30.23,30.2,30.17,10,10,8,7,2,"",0.1,"Clear",2016-04-25
"562",2016-04-26,60,52,43,44,41,37,93,69,44,30.2,30.1,30.01,10,10,10,8,4,"",0,"Clear",2016-04-26
"563",2016-04-27,61,56,51,47,44,40,80,67,46,30.06,30.02,30,10,10,10,12,2,"",0,"Clear",2016-04-27
"564",2016-04-28,64,58,53,50,47,43,86,71,52,30.12,30.09,30.06,10,10,10,7,3,"",0,"Clear",2016-04-28
"565",2016-04-29,61,55,50,49,46,43,96,74,53,30.25,30.14,30.08,10,10,5,8,4,"",0.04,"Rain, snow or thunderstorm or all",2016-04-29
"566",2016-04-30,68,56,45,47,44,40,97,64,37,30.38,30.32,30.26,10,10,10,12,3,"18",0,"Clear",2016-04-30
"567",2016-05-01,77,63,51,50,46,42,86,56,30,30.29,30.1,29.93,10,10,10,13,3,"20",0,"Clear",2016-05-01
"568",2016-05-02,87,70,54,52,47,41,80,48,26,29.96,29.93,29.86,10,10,10,8,3,"",0,"Clear",2016-05-02
"569",2016-05-03,73,65,57,55,52,45,84,65,47,30.1,30.03,29.97,10,10,10,9,3,"17",0,"Clear",2016-05-03
"570",2016-05-04,60,56,54,50,47,44,80,72,58,30.11,30.05,29.99,10,10,10,14,5,"",0,"Clear",2016-05-04
"571",2016-05-05,68,60,52,50,48,45,83,65,52,30.07,30.03,30,10,10,10,9,4,"20",0,"Clear",2016-05-05
"572",2016-05-06,77,66,54,49,44,37,77,48,24,30.1,30.03,29.97,10,10,10,14,3,"20",0,"Clear",2016-05-06
"573",2016-05-07,82,68,54,52,47,39,72,50,26,29.97,29.91,29.83,10,10,10,9,2,"",0,"Clear",2016-05-07
"574",2016-05-08,63,56,50,50,46,42,100,72,46,30.01,29.96,29.9,10,9,2,13,7,"16",0.02,"Rain, snow or thunderstorm or all",2016-05-08
"575",2016-05-09,66,57,48,47,44,38,90,64,37,30.18,30.11,30.01,10,10,10,8,5,"",0,"Clear",2016-05-09
"576",2016-05-10,75,60,46,46,39,31,86,49,23,30.27,30.21,30.15,10,10,10,12,3,"17",0,"Clear",2016-05-10
"577",2016-05-11,81,66,52,55,43,34,74,45,25,30.17,30.04,29.92,10,10,10,8,4,"",0,"Clear",2016-05-11
"578",2016-05-12,77,64,52,49,45,39,80,53,29,30.04,30,29.96,10,10,10,6,3,"",0,"Clear",2016-05-12
"579",2016-05-13,82,68,54,51,49,48,86,56,30,30.02,29.95,29.86,10,10,10,12,5,"18",0,"Clear",2016-05-13
"580",2016-05-14,64,59,54,53,52,50,90,83,58,30,29.96,29.89,10,10,9,10,5,"",0,"Clear",2016-05-14
"581",2016-05-15,57,56,54,55,53,51,97,91,86,30.1,30.03,29.98,10,10,6,8,6,"",0,"Clear",2016-05-15
"582",2016-05-16,60,56,52,53,50,49,100,82,69,30.27,30.21,30.09,10,8,3,6,3,"",0,"Clear",2016-05-16
"583",2016-05-17,71,61,53,51,49,47,86,64,47,30.3,30.24,30.17,10,10,10,9,4,"",0,"Clear",2016-05-17
"584",2016-05-18,64,60,54,53,50,45,87,74,63,30.17,30.06,29.97,10,10,10,8,2,"",0,"Clear",2016-05-18
"585",2016-05-19,63,55,48,50,48,43,97,83,52,29.97,29.92,29.86,10,9,4,13,7,"20",0.22,"Rain, snow or thunderstorm or all",2016-05-19
"586",2016-05-20,66,58,51,50,46,39,96,69,38,29.88,29.81,29.75,10,10,10,12,6,"18",0,"Clear",2016-05-20
"587",2016-05-21,59,56,52,51,38,28,90,56,32,29.9,29.82,29.74,10,9,4,10,3,"",0.04,"Rain, snow or thunderstorm or all",2016-05-21
"588",2016-05-22,66,60,54,50,48,44,86,70,52,29.94,29.91,29.9,10,10,10,14,9,"21",0,"Clear",2016-05-22
"589",2016-05-23,64,59,54,50,48,45,83,69,52,29.95,29.94,29.93,10,10,10,10,6,"",0,"Clear",2016-05-23
"590",2016-05-24,66,62,57,52,51,49,78,70,56,30.03,29.99,29.94,10,10,10,6,3,"",0,"Clear",2016-05-24
"591",2016-05-25,66,60,55,52,50,45,84,72,61,30.21,30.14,30.04,10,10,10,12,4,"17",0,"Clear",2016-05-25
"592",2016-05-26,64,58,53,49,45,42,83,67,53,30.21,30.18,30.13,10,10,6,12,9,"17",0,"Clear",2016-05-26
"593",2016-05-27,64,57,51,49,44,37,83,67,38,30.17,30.14,30.11,10,10,10,12,7,"",0.02,"Rain, snow or thunderstorm or all",2016-05-27
"594",2016-05-28,64,56,50,56,48,31,96,78,37,30.13,30.08,30.03,10,10,4,14,9,"23",0.03,"Rain, snow or thunderstorm or all",2016-05-28
"595",2016-05-29,64,58,53,53,49,41,93,76,48,30.26,30.14,30.04,10,9,3,14,7,"",0,"Clear",2016-05-29
"596",2016-05-30,71,60,48,48,45,43,86,59,38,30.32,30.26,30.18,10,10,10,14,4,"16",0,"Clear",2016-05-30
"597",2016-05-31,79,66,55,50,48,45,80,54,33,30.17,30.06,29.95,10,10,10,7,2,"",0,"Clear",2016-05-31
"598",2016-06-01,75,66,59,58,52,45,90,61,48,29.97,29.94,29.89,10,10,10,12,4,"17",0,"Clear",2016-06-01
"599",2016-06-02,71,64,59,57,54,51,90,75,51,30.19,30.05,29.92,10,10,10,18,10,"24",0,"Clear",2016-06-02
"600",2016-06-03,80,68,57,54,53,52,87,60,38,30.26,30.21,30.16,10,10,10,12,3,"17",0,"Clear",2016-06-03
"601",2016-06-04,81,72,63,54,45,35,67,39,29,30.16,30.05,29.93,10,10,10,12,5,"20",0,"Clear",2016-06-04
"602",2016-06-05,91,78,66,61,56,52,65,46,34,29.92,29.88,29.83,10,10,10,9,2,"",0,"Clear",2016-06-05
"603",2016-06-06,86,74,64,56,52,46,65,46,33,29.94,29.88,29.83,10,10,10,12,3,"20",0,"Clear",2016-06-06
"604",2016-06-07,84,72,59,53,49,44,75,46,32,29.86,29.81,29.75,10,10,10,7,4,"",0,"Clear",2016-06-07
"605",2016-06-08,66,62,57,52,49,47,75,62,51,29.96,29.87,29.76,10,10,10,15,7,"22",0,"Rain, snow or thunderstorm or all",2016-06-08
"606",2016-06-09,64,59,54,54,47,40,90,67,43,29.97,29.93,29.87,10,10,3,12,7,"",0.06,"Rain, snow or thunderstorm or all",2016-06-09
"607",2016-06-10,66,58,52,52,48,42,89,73,45,30.1,30.01,29.9,10,10,10,14,8,"22",0.01,"Rain, snow or thunderstorm or all",2016-06-10
"608",2016-06-11,64,58,52,54,50,47,93,79,54,30.28,30.19,30.1,10,10,6,9,6,"",0.1,"Rain, snow or thunderstorm or all",2016-06-11
"609",2016-06-12,70,62,55,49,46,43,74,57,40,30.29,30.24,30.13,10,10,10,7,4,"",0,"Clear",2016-06-12
"610",2016-06-13,66,60,54,51,47,43,86,67,47,30.11,30.01,29.95,10,10,10,17,7,"24",0,"Rain, snow or thunderstorm or all",2016-06-13
"611",2016-06-14,60,54,48,47,45,42,86,73,53,29.98,29.94,29.91,10,10,10,21,10,"28",0.05,"Rain, snow or thunderstorm or all",2016-06-14
"612",2016-06-15,66,56,45,47,42,38,90,63,36,29.98,29.95,29.9,10,10,10,10,7,"16",0,"Clear",2016-06-15
"613",2016-06-16,71,61,53,47,44,37,80,58,31,30.18,30.07,29.98,10,10,10,10,7,"",0,"Clear",2016-06-16
"614",2016-06-17,66,60,53,53,48,45,90,69,45,30.17,30.12,30.07,10,10,3,14,3,"22",0.22,"Rain, snow or thunderstorm or all",2016-06-17
"615",2016-06-18,64,60,55,54,51,45,96,79,58,30.37,30.17,30.05,10,10,7,14,5,"18",0.16,"Rain, snow or thunderstorm or all",2016-06-18
"616",2016-06-19,70,58,48,48,46,43,90,63,40,30.41,30.34,30.22,10,10,10,12,7,"22",0,"Clear",2016-06-19
"617",2016-06-20,75,66,57,55,52,43,93,67,32,30.21,30.17,30.11,10,10,5,14,5,"25",0.29,"Rain, snow or thunderstorm or all",2016-06-20
"618",2016-06-21,73,64,55,56,53,50,96,74,48,30.31,30.24,30.16,10,10,6,15,9,"",0.34,"Rain, snow or thunderstorm or all",2016-06-21
"619",2016-06-22,75,65,57,52,50,48,83,61,40,30.15,30.06,29.96,10,10,10,12,4,"",0,"Rain, snow or thunderstorm or all",2016-06-22
"620",2016-06-23,68,62,55,58,55,52,100,87,61,30.1,30.01,29.97,10,8,2,14,7,"24",0.34,"Rain, snow or thunderstorm or all",2016-06-23
"621",2016-06-24,69,60,53,58,54,52,97,80,61,30.28,30.2,30.12,10,10,8,15,7,"21",0.09,"Rain, snow or thunderstorm or all",2016-06-24
"622",2016-06-25,71,64,57,53,52,49,87,68,51,30.3,30.26,30.2,10,10,9,9,6,"16",0,"Clear",2016-06-25
"623",2016-06-26,78,67,57,57,54,51,83,63,47,30.23,30.17,30.09,10,10,10,13,4,"20",0,"Clear",2016-06-26
"624",2016-06-27,84,73,62,57,54,50,75,55,34,30.17,30.13,30.1,10,10,10,13,4,"",0,"Clear",2016-06-27
"625",2016-06-28,79,66,55,58,55,53,93,75,46,30.23,30.18,30.11,10,10,10,9,6,"",0,"Clear",2016-06-28
"626",2016-06-29,73,65,57,58,56,55,93,80,57,30.22,30.18,30.14,10,10,10,9,5,"",0,"Clear",2016-06-29
"627",2016-06-30,73,65,57,56,54,52,87,73,48,30.25,30.19,30.12,10,10,10,8,5,"",0,"Clear",2016-06-30
"628",2016-07-01,75,66,57,56,54,52,87,73,48,30.14,30.1,30.05,10,10,10,8,3,"",0,"Clear",2016-07-01
"629",2016-07-02,75,69,61,60,57,54,84,70,55,30.05,30.03,29.99,10,10,10,8,4,"",0,"Clear",2016-07-02
"630",2016-07-03,71,64,57,56,53,49,87,72,53,30.17,30.12,30.05,10,10,10,9,5,"",0,"Clear",2016-07-03
"631",2016-07-04,68,62,57,56,52,50,82,72,54,30.17,30.14,30.12,10,10,10,9,7,"",0,"Rain, snow or thunderstorm or all",2016-07-04
"632",2016-07-05,69,63,57,55,52,50,84,72,53,30.14,30.11,30.07,10,10,10,8,5,"21",0,"Clear",2016-07-05
"633",2016-07-06,75,66,57,55,53,48,84,63,38,30.08,30.04,29.95,10,10,10,9,3,"",0,"Clear",2016-07-06
"634",2016-07-07,68,64,60,61,56,52,96,78,65,29.95,29.92,29.88,10,10,4,13,6,"18",0.06,"Rain, snow or thunderstorm or all",2016-07-07
"635",2016-07-08,73,66,60,60,58,55,100,82,55,29.93,29.89,29.87,10,9,3,10,6,"18",0.14,"Rain, snow or thunderstorm or all",2016-07-08
"636",2016-07-09,71,64,57,58,54,51,100,75,53,30.01,29.97,29.89,10,10,6,10,6,"17",0.07,"Rain, snow or thunderstorm or all",2016-07-09
"637",2016-07-10,73,66,59,57,55,52,90,72,48,30.08,30.02,29.98,10,10,10,10,3,"",0,"Clear",2016-07-10
"638",2016-07-11,73,64,57,56,52,45,84,68,47,30.12,30.06,29.98,10,10,10,12,7,"",0,"Clear",2016-07-11
"639",2016-07-12,77,68,60,57,54,52,80,64,43,30.16,30.03,29.96,10,10,10,13,3,"18",0,"Clear",2016-07-12
"640",2016-07-13,75,68,60,53,50,46,78,59,37,30.25,30.22,30.17,10,10,10,12,4,"",0,"Clear",2016-07-13
"641",2016-07-14,77,66,57,58,52,49,78,62,38,30.26,30.21,30.14,10,10,10,17,5,"22",0,"Clear",2016-07-14
"642",2016-07-15,75,66,57,53,51,48,84,60,38,30.19,30.14,30.08,10,10,10,8,3,"",0,"Clear",2016-07-15
"643",2016-07-16,72,66,59,53,52,51,75,62,49,30.1,30.06,30.01,10,10,10,10,6,"",0,"Clear",2016-07-16
"644",2016-07-17,80,70,60,56,54,53,80,60,40,30,29.95,29.89,10,10,10,10,2,"",0,"Clear",2016-07-17
"645",2016-07-18,73,67,62,57,55,53,78,69,57,30.06,29.98,29.92,10,10,10,10,4,"",0,"Clear",2016-07-18
"646",2016-07-19,78,70,62,55,53,50,75,59,40,30.11,30.08,30.05,10,10,10,9,5,"",0,"Clear",2016-07-19
"647",2016-07-20,82,72,62,54,52,47,72,54,30,30.14,30.1,30.04,10,10,10,10,3,"",0,"Clear",2016-07-20
"648",2016-07-21,81,71,61,56,54,51,78,57,36,30.11,30.04,29.99,10,10,10,14,4,"18",0,"Clear",2016-07-21
"649",2016-07-22,71,66,61,58,56,54,90,73,59,30.28,30.22,30.12,10,9,5,12,7,"20",0.21,"Rain, snow or thunderstorm or all",2016-07-22
"650",2016-07-23,75,66,60,55,53,49,78,64,41,30.28,30.24,30.19,10,10,10,8,4,"",0,"Clear",2016-07-23
"651",2016-07-24,80,68,57,54,52,51,81,58,38,30.19,30.09,30.01,10,10,10,12,4,"18",0,"Clear",2016-07-24
"652",2016-07-25,84,73,62,58,56,53,75,56,35,30.08,30.04,30.01,10,10,10,10,3,"",0,"Clear",2016-07-25
"653",2016-07-26,79,70,60,57,56,53,83,69,42,30.18,30.13,30.08,10,10,10,8,4,"",0,"Clear",2016-07-26
"654",2016-07-27,82,71,60,58,56,54,83,60,38,30.14,30.1,30.06,10,10,10,10,5,"17",0,"Clear",2016-07-27
"655",2016-07-28,84,73,62,57,56,54,78,56,35,30.14,30.07,30,10,10,10,10,5,"",0,"Clear",2016-07-28
"656",2016-07-29,88,75,64,58,56,52,75,53,31,30.01,29.95,29.87,10,10,10,10,3,"",0,"Clear",2016-07-29
"657",2016-07-30,75,67,59,55,52,51,81,63,44,29.98,29.94,29.88,10,10,10,9,6,"18",0,"Clear",2016-07-30
"658",2016-07-31,73,64,57,52,51,50,75,62,48,30.08,30.04,29.98,10,10,10,10,8,"20",0,"Clear",2016-07-31
"659",2016-08-01,77,66,55,54,52,51,89,70,42,30.12,30.06,30,10,10,5,12,5,"",0,"Clear",2016-08-01
"660",2016-08-02,73,64,57,53,51,50,78,66,49,30.23,30.13,30.07,10,10,10,12,6,"17",0,"Clear",2016-08-02
"661",2016-08-03,75,66,60,53,52,51,72,62,45,30.28,30.24,30.16,10,10,10,10,6,"",0,"Clear",2016-08-03
"662",2016-08-04,80,69,59,56,53,51,81,58,38,30.16,30.04,29.91,10,10,10,13,5,"21",0,"Clear",2016-08-04
"663",2016-08-05,79,70,61,54,51,46,75,56,32,29.97,29.92,29.89,10,10,10,9,4,"",0,"Clear",2016-08-05
"664",2016-08-06,72,63,55,51,49,48,77,62,45,30.01,29.97,29.91,10,10,10,10,6,"",0,"Clear",2016-08-06
"665",2016-08-07,72,66,60,56,52,49,83,69,49,29.96,29.92,29.89,10,10,10,9,4,"",0.03,"Rain, snow or thunderstorm or all",2016-08-07
"666",2016-08-08,73,64,57,54,53,48,84,69,44,29.99,29.97,29.95,10,10,10,9,4,"",0,"Clear",2016-08-08
"667",2016-08-09,72,66,60,55,54,53,83,70,53,30.03,30.01,29.98,10,10,10,10,3,"",0,"Clear",2016-08-09
"668",2016-08-10,75,68,60,56,55,54,83,67,48,30.09,30.07,30.04,10,10,10,12,2,"17",0,"Clear",2016-08-10
"669",2016-08-11,80,70,61,57,56,54,81,63,47,30.14,30.1,30.06,10,10,10,12,4,"20",0,"Clear",2016-08-11
"670",2016-08-12,87,75,63,59,57,55,78,56,36,30.1,30.05,29.98,10,10,10,10,3,"",0,"Clear",2016-08-12
"671",2016-08-13,90,78,66,60,56,51,78,52,28,30.02,29.98,29.93,10,10,10,8,2,"",0,"Clear",2016-08-13
"672",2016-08-14,82,71,60,54,52,44,78,51,25,30.04,30.01,29.96,10,10,10,10,4,"",0,"Clear",2016-08-14
"673",2016-08-15,84,72,61,57,55,53,78,57,37,30.1,30.06,30.02,10,10,10,9,2,"",0,"Clear",2016-08-15
"674",2016-08-16,81,69,57,56,54,51,90,62,35,30.13,30.09,30.04,10,10,10,8,2,"",0,"Clear",2016-08-16
"675",2016-08-17,79,70,60,54,53,50,80,56,40,30.12,30.06,30,10,10,10,12,4,"",0,"Clear",2016-08-17
"676",2016-08-18,86,73,60,63,59,49,72,57,45,30.06,30,29.93,10,10,10,16,8,"",0,"Clear",2016-08-18
"677",2016-08-19,95,60,26,77,54,9,88,48,23,30.01,29.96,29.88,10,10,10,16,8,"",0,"Clear",2016-08-19
"678",2016-08-20,91,78,64,57,53,48,70,44,26,29.93,29.87,29.78,10,10,10,10,3,"",0,"Clear",2016-08-20
"679",2016-08-21,73,66,60,55,54,52,83,68,48,29.98,29.89,29.81,10,10,10,14,8,"",0,"Clear",2016-08-21
"680",2016-08-22,72,64,57,59,51,46,93,64,40,30.11,30.07,29.99,10,10,10,14,8,"",0,"Clear",2016-08-22
"681",2016-08-23,79,67,55,55,51,48,83,58,39,30.19,30.16,30.12,10,10,10,17,7,"",0,"Clear",2016-08-23
"682",2016-08-24,82,70,57,57,55,54,89,60,39,30.24,30.18,30.12,10,10,10,20,5,"",0,"Clear",2016-08-24
"683",2016-08-25,93,77,61,59,54,50,81,51,22,30.14,30.05,29.94,10,10,10,14,4,"",0,"Clear",2016-08-25
"684",2016-08-26,88,74,60,57,52,45,82,45,22,29.96,29.89,29.79,10,10,10,10,4,"",0,"Clear",2016-08-26
"685",2016-08-27,72,66,61,57,54,50,81,65,46,30.01,29.88,29.77,10,10,10,16,9,"",0,"Clear",2016-08-27
"686",2016-08-28,75,68,59,54,52,50,80,65,44,30.09,30.06,30.01,10,10,10,12,9,"",0,"Clear",2016-08-28
"687",2016-08-29,81,68,55,55,53,50,89,65,39,30.08,30.02,29.95,10,10,6,9,4,"",0,"Clear",2016-08-29
"688",2016-08-30,70,64,57,55,53,52,83,69,53,30.05,30.01,29.97,10,10,10,14,9,"18",0,"Clear",2016-08-30
"689",2016-08-31,71,65,59,61,56,52,90,77,63,29.99,29.97,29.96,10,10,8,14,8,"",0,"Rain, snow or thunderstorm or all",2016-08-31
